"","Ethnic_ID1","Ethnic_ID2","Ethnic_ID3","Ethnic_ID4","Ethnic_ID5","British_Meta_ID1","British_Meta_ID2","British_Meta_ID3","British_Meta_ID4","British_Meta_ID5","British_Meta_ID6","British_Meta_ID7","British_ID1","British_ID2","British_ID3","British_ID4","Hierachy1","Hierachy2","Hierachy3","Hierachy4","Hierachy5","Hierachy6","Hierachy7","Hierachy8","Hierachy9","Col_Selfesteem1","Col_Selfesteem2","Col_Selfesteem3","Col_Selfesteem4","Col_Selfesteem5","Overlap","Ros_Selfesteem1","Ros_Selfesteem2","Ros_Selfesteem3","Ros_Selfesteem4","Ros_Selfesteem5","Ros_Selfesteem6","Ros_Selfesteem7","Ros_Selfesteem8","Ros_Selfesteem9","Ros_Selfesteem10","Wellbeing1","Wellbeing2","Wellbeing3","Wellbeing4","Wellbeing5","Gender","Age","Ethnicity","Education","Qualitative1","Qualitative2","British_Identification","British_Meta_Identification","Ethnic_Identification","Hierachy","Col_Selfesteem","Ros_Selfesteem","Wellbeing"
"1",6,5,6,5,1,6,7,6,6,6,6,7,6,5,6,6,5,2,5,6,2,2,2,2,2,6,6,6,6,5,7,6,6,7,7,7,6,6,6,6,6,6,5,6,6,6,"Woman",38,"White","GCSE's or Equivalent","No","I would be shocked, I can identify with other ethnic groups who feel others are against them but being a middle aged white british female with all white british friends (not through choice but through circumstance) it's difficult for me to put myself in a place mentally where I would be out of place in society. I can imagine it's quite frustrating for other ethnic groups though. I just can't believe in 2021 we are still having race rows, inequality etc - we haven't evolved at all it seems!",5.75,6.28571428571429,4.6,3.25,5.8,6.3,5.8
"2",5,4,4,4,2,6,4,6,6,4,6,4,3,4,4,4,2,1,3,3,2,3,2,2,2,3,6,3,5,6,7,2,2,2,6,6,2,6,2,6,6,3,3,3,4,5,"Woman",37,"White","Postgraduate Degree (Masters, Doctorate)","No","Worthless, confined to a particular environment. Unable to progress",3.75,5.14285714285714,3.8,2.25,4.6,4,3.6
"3",7,7,7,7,7,7,7,7,7,7,7,7,7,7,7,7,1,1,7,7,1,1,1,1,1,7,7,7,7,7,7,6,6,6,7,7,7,1,6,7,6,5,5,5,4,5,"Woman",50,"White","GCSE's or Equivalent","No","I don�t know",7,7,7,2.5,7,5.9,4.8
"4",1,1,1,1,1,6,6,7,7,5,6,6,1,1,1,1,1,1,1,5,1,1,1,1,1,1,7,1,7,7,1,2,1,2,2,2,1,2,2,1,1,6,5,3,1,6,"Woman",26,"White","Undergraduate Degree (BSc/BA)","no","Awful",1,6.14285714285714,1,1.5,4.6,1.6,4.2
"5",7,6,6,6,2,6,6,6,6,6,7,6,6,6,7,6,6,1,4,4,6,2,2,2,4,6,2,6,6,6,7,2,2,6,2,6,2,6,2,2,2,2,2,2,2,2,"Man",57,"White","No Formal Qualifications","No","No",6.25,6.14285714285714,5.4,3.125,5.2,3.2,2
"6",4,2,6,2,1,2,7,4,4,2,2,2,7,5,6,4,1,1,6,7,4,1,1,1,1,4,4,5,4,7,2,6,1,7,7,6,1,6,1,6,6,6,6,6,5,6,"Woman",18,"White","A-level's or Equivalent","no","I wouldnt be bothered",5.5,3.28571428571429,3,2.375,4.8,4.7,5.8
"7",5,4,5,3,3,4,5,4,5,4,3,5,3,3,3,3,2,3,4,4,2,2,2,3,3,5,7,6,6,5,5,6,6,6,6,6,6,6,6,6,6,4,2,3,2,4,"Woman",36,"White","Undergraduate Degree (BSc/BA)","I am northern Irish so there is often confusion as to whether I am British or irish","It doesn't bother me",3,4.28571428571429,4,2.875,5.8,6,3
"8",6,5,6,6,6,2,2,2,2,2,2,2,5,5,5,5,2,1,2,4,6,1,2,1,1,4,2,3,3,2,2,6,2,6,6,2,2,7,6,2,6,5,5,2,4,5,"Woman",43,"Black","Undergraduate Degree (BSc/BA)","No","Not sure how I would feel",5,2,5.8,1.75,2.8,4.5,4.2
"9",4,4,4,3,2,4,6,6,6,4,6,6,6,3,6,3,1,4,4,5,4,1,1,1,1,5,2,4,4,5,4,7,7,7,1,7,7,7,7,7,7,6,5,3,4,5,"Woman",35,"White","Undergraduate Degree (BSc/BA)","No","I wouldn't mind",4.5,5.42857142857143,3.4,2.25,4,6.4,4.6
"10",4,3,5,3,5,6,6,6,6,4,6,5,5,1,1,1,1,1,2,3,1,1,1,1,1,4,4,3,3,3,3,6,2,6,6,6,2,6,1,6,2,4,3,3,1,2,"Woman",23,"White","Undergraduate Degree (BSc/BA)","some customers at work have thought I was italian, but I am British","I have little attachment to Britian, and feel no pride in my identity so the experience was mildly interesting but didn't ivoke many feelings.",2,5.57142857142857,4,1.375,3.4,4.3,2.6
"11",2,2,4,2,2,7,4,7,7,7,5,7,6,6,6,6,1,1,7,2,4,1,1,2,2,6,5,7,5,7,7,2,2,2,6,2,2,6,2,6,2,2,2,2,3,4,"Man",20,"White","Undergraduate Degree (BSc/BA)","no","i wouldnt be too affected because as long as i know myself and value it then i dont care what others think",6,6.28571428571429,2.4,2.125,6,3.2,2.6
"12",5,4,4,4,4,6,6,6,6,6,6,6,6,4,5,4,4,2,6,4,4,4,4,3,1,7,6,6,4,2,7,6,2,6,6,2,2,6,2,6,2,5,4,3,3,4,"Woman",26,"White","GCSE's or Equivalent","No","I would ask why",4.75,6,4.2,3.5,5,4,3.8
"13",4,2,3,1,1,6,6,6,6,6,3,6,6,3,3,6,1,1,3,3,1,1,1,1,1,6,6,6,6,6,7,6,2,6,6,6,2,6,2,6,6,5,5,5,5,5,"Woman",23,"White","Undergraduate Degree (BSc/BA)","No","I imagine I could feel upset.",4.5,5.57142857142857,2.2,1.5,6,4.8,5
"14",5,3,3,2,1,7,7,7,7,7,7,7,7,7,7,7,1,1,3,2,1,1,4,1,1,2,4,5,6,7,7,7,7,7,7,7,7,7,7,7,7,5,5,6,5,5,"Woman",26,"White","Undergraduate Degree (BSc/BA)","no","I have never had my identity mistaken, I think if I did, especially if it happened often it would feel frustrating. If I was already hyper aware of the mistaken identity it could make me feel vulnerable or upset.",7,7,2.8,1.75,4.8,7,5.2
"15",6,4,4,6,5,6,6,6,6,6,6,4,6,6,5,6,1,1,5,5,2,1,1,1,1,4,4,6,6,3,6,2,1,6,2,6,1,6,1,2,1,2,1,1,1,1,"Woman",18,"White","A-level's or Equivalent","no","I would feel disrespected",5.75,5.71428571428571,5,2,4.6,2.8,1.2
"16",4,2,4,2,3,7,7,7,7,6,7,6,6,3,5,4,1,1,3,3,2,1,1,1,1,5,7,7,6,5,7,6,2,6,6,6,1,6,2,6,6,4,4,2,2,2,"Woman",30,"White","Postgraduate Degree (Masters, Doctorate)","No","Probably confused and offended (depending on what they mistook my identity for)",4.5,6.71428571428571,3,1.5,6,4.7,2.8
"17",6,4,5,5,3,2,5,4,5,3,6,4,5,6,6,5,3,2,6,5,4,6,4,4,2,4,3,3,2,6,7,6,2,1,6,2,2,2,2,2,2,2,4,2,1,3,"Man",42,"White","GCSE's or Equivalent","No","Dissatisfied",5.5,4.14285714285714,4.6,4,3.6,2.7,2.4
"18",4,1,3,3,2,7,7,6,7,6,6,5,6,5,3,2,1,1,2,2,1,1,1,1,1,3,6,7,6,6,6,7,6,7,6,6,6,7,6,6,6,4,5,3,4,4,"Woman",25,"White","Postgraduate Degree (Masters, Doctorate)","I lived in Sweden temporarily and people thought I was Swedish. Never in the UK.","Neutral - it didn�t offend me nor did it please me",4,6.28571428571429,2.6,1.25,5.6,6.3,4
"19",2,1,1,1,3,7,7,7,7,6,7,7,3,1,1,1,1,1,1,1,2,1,1,1,1,2,6,5,5,5,7,2,2,6,6,6,2,2,2,2,1,2,2,3,1,2,"Woman",22,"White","Undergraduate Degree (BSc/BA)","No","To questions someones identity is offensive and I do not believe anyone should have to explain why they identify or how they fit into a particular social group",1.5,6.85714285714286,1.6,1,4.6,3.1,2
"20",5,4,5,4,2,6,6,6,6,6,6,6,6,3,4,5,4,1,6,6,3,3,2,2,2,5,4,6,7,7,7,2,2,6,6,2,2,2,2,6,2,3,2,2,1,4,"Non-Binary",20,"White","A-level's or Equivalent","no","I can imagine it would probably be quite disheartening and bad to feel.",4.5,6,4,3.25,5.8,3.2,2.4
"21",4,4,4,4,2,6,6,6,6,6,6,6,6,4,5,5,2,1,3,3,3,2,1,1,2,7,6,4,6,6,7,6,7,6,6,6,6,6,6,7,6,4,3,3,2,4,"Woman",49,"White","A-level's or Equivalent","No","I would feel upset and disappointed that people assume things",5,6,3.6,1.875,5.8,6.2,3.2
"22",4,5,6,2,2,7,7,7,7,7,7,7,7,4,6,6,7,1,5,5,1,1,1,1,1,5,7,7,7,7,7,2,1,2,2,1,1,6,1,1,2,4,5,2,2,4,"Woman",29,"White","A-level's or Equivalent","Yes","Embarrassed and upset, ashamed to try and fit in and It led me to withdraw.",5.75,7,3.8,2.75,6.6,1.9,3.4
"23",7,6,7,6,6,6,5,5,6,5,4,6,5,3,4,3,1,3,2,3,6,1,1,1,2,2,4,5,4,2,5,6,6,6,6,6,6,7,6,6,6,5,4,4,4,4,"Woman",22,"Asian","A-level's or Equivalent","No","I would be very confused and ask as to why they feel i dont belong to a certain group and wonder if its because i did something wrong and perhaps blame myself for my shortcomings",3.75,5.28571428571429,6.4,1.75,3.4,6.1,4.2
"24",6,3,6,6,6,7,7,7,7,7,7,7,7,7,7,7,6,2,5,6,2,1,1,2,2,6,7,7,7,2,7,6,7,7,6,7,7,6,2,7,6,2,2,2,2,2,"Man",46,"White","GCSE's or Equivalent","No","No",7,7,5.4,3.125,5.8,6.1,2
"25",4,4,5,5,2,5,5,5,5,4,4,4,5,5,5,5,2,1,5,4,2,2,1,1,2,4,5,6,4,6,5,2,2,6,6,6,1,6,2,2,2,3,3,3,3,2,"Woman",23,"White","Undergraduate Degree (BSc/BA)","No","I would feel insulted that they thought I was lying",5,4.57142857142857,4,2.25,5,3.5,2.8
"26",6,5,6,4,6,3,5,2,3,4,2,5,5,4,5,5,2,1,4,2,2,3,1,1,2,5,2,3,4,2,2,6,6,6,6,6,2,6,2,6,6,4,5,4,3,5,"Woman",19,"Asian","A-level's or Equivalent","no","I would feel slightly offended however I would be understanding as well because my country is small and not too well known",4.75,3.42857142857143,5.4,2,3.2,5.2,4.2
"27",3,3,5,4,5,3,5,5,6,6,6,6,7,6,6,5,1,1,2,2,5,1,1,7,1,3,4,3,4,3,2,6,1,6,7,6,1,7,1,1,7,4,4,4,3,5,"Woman",25,"Asian","Undergraduate Degree (BSc/BA)","rather not think about it","bad",6,5.28571428571429,4,2,3.4,4.3,4
"28",4,2,2,2,5,6,6,6,6,6,6,6,2,2,2,1,1,1,2,3,1,1,1,1,1,6,4,5,7,6,5,6,6,6,6,6,2,6,1,6,6,2,3,3,3,2,"Woman",29,"White","Postgraduate Degree (Masters, Doctorate)","i'm lgbt but in a heterosexual relationship so almost all of the time, people mistake me for straight, which is not an identity i feel part of.","i find it frustrating and also it's a constant emotional toll to repeatedly have to out myself",1.75,6,3,1.375,5.6,5.1,2.6
"29",4,2,3,1,2,6,6,6,6,3,6,4,6,2,2,2,1,1,5,5,1,1,1,1,1,2,2,4,3,7,5,2,6,2,2,2,2,2,2,2,2,2,1,2,1,2,"Woman",26,"White","Postgraduate Degree (Masters, Doctorate)","No","Like an imposter",3,5.28571428571429,2.4,2,3.6,2.4,1.6
"30",7,7,1,4,1,7,7,7,7,7,7,7,7,7,7,7,1,1,7,7,7,1,1,1,1,7,4,7,7,7,7,7,1,7,7,7,1,7,1,7,7,4,3,4,2,5,"Woman",33,"White","Undergraduate Degree (BSc/BA)","No","Sad and isolated",7,7,4,2.5,6.4,5.2,3.6
"31",7,7,7,7,6,7,7,7,7,5,4,5,1,5,2,1,1,1,2,5,2,1,1,1,1,4,4,1,4,1,3,6,2,7,7,6,1,7,1,6,6,2,2,1,1,2,"Woman",65,"White","A-level's or Equivalent","I identify as irish, my parents are immigrants, so i pass as english. it annoys me when people assume because i am white and have an english accent \i m just like them, I am not I dont have the same background","annoyed",2.25,6,6.8,1.625,2.8,4.9,1.6
"32",5,5,4,3,2,6,6,6,6,6,6,6,6,6,6,4,2,2,5,5,2,2,2,2,2,3,4,4,4,5,7,6,2,6,6,6,2,6,6,6,6,4,4,3,1,4,"Woman",38,"White","Undergraduate Degree (BSc/BA)","Yes, I have had a number of people assume that I am not in a management position due to my age and the fact that I do not 'power dress'.","It amused me.",5.5,6,3.8,2.75,4,5.2,3.2
"33",5,4,4,4,2,6,6,6,6,6,6,6,5,2,4,5,1,1,2,3,2,1,7,1,1,4,6,4,4,6,7,6,2,6,6,6,6,6,6,6,6,4,2,2,2,2,"Woman",42,"White","A-level's or Equivalent","No","I think I would feel a bit angry, sad, maybe confused too.",4,6,3.8,2.125,4.8,5.6,2.4
"34",5,4,3,2,2,6,6,6,6,5,5,5,5,4,4,2,2,2,4,6,2,2,1,2,1,4,4,5,4,6,7,6,6,6,6,6,6,6,6,7,6,4,5,4,3,5,"Man",21,"White","Undergraduate Degree (BSc/BA)","no","not offended, but probably confused",3.75,5.57142857142857,3.2,2.5,4.6,6.1,4.2
"35",4,4,4,3,4,5,4,5,5,5,5,5,5,5,5,5,3,5,3,3,3,3,3,2,5,5,5,3,5,5,5,6,6,6,6,6,6,6,6,6,6,5,5,4,4,3,"Man",32,"White","A-level's or Equivalent","No","Upset",5,4.85714285714286,3.8,3.375,4.6,6,4.2
"36",7,6,6,6,4,3,3,6,5,4,6,3,6,6,6,6,3,2,5,5,4,2,2,1,2,6,4,5,6,3,3,6,6,7,7,6,6,6,6,6,7,5,5,4,5,5,"Woman",45,"Asian","A-level's or Equivalent","No","Isolated, alone, not good enough",6,4.28571428571429,5.8,2.75,4.8,6.3,4.8
"37",7,7,7,6,7,6,5,4,6,5,7,4,7,7,7,7,1,1,6,6,4,1,1,1,1,6,7,6,7,2,3,2,6,7,7,7,7,7,7,7,7,5,5,5,5,5,"Man",19,"Asian","A-level's or Equivalent","Sometimes people think that just because I am Asian it means I am Muslim.","It just made me feel amused.",7,5.28571428571429,6.8,2.25,5.6,6.4,5
"38",4,3,4,2,2,4,6,6,4,3,6,4,6,2,4,3,4,1,5,5,4,1,1,2,1,4,6,4,6,5,4,6,2,6,6,6,2,6,6,6,6,3,3,3,4,3,"Man",21,"White","Undergraduate Degree (BSc/BA)","I am British/Cypriot/Greek and have lived in all countries. Almost never have I been indentified with any of them in each respective country. When I'm in Cyprus I'm Greek, when I am in Greece I am English. Only in the UK I've really been considered British.","It certainly makes you feel invalidated. Despite having roots and living for a while of that country you're not ""enough"" of that group to be considered a part of it.",3.75,4.71428571428571,3,2.5,5,5.2,3.2
"39",6,4,7,6,6,7,7,7,7,7,7,7,7,7,7,7,1,1,2,1,1,1,1,1,1,3,6,7,6,1,7,1,1,2,1,1,1,1,6,1,2,4,3,4,4,5,"Woman",31,"White","Undergraduate Degree (BSc/BA)","no","annoyed",7,7,5.8,1.125,4.6,1.7,4
"40",3,1,4,1,1,6,6,6,6,5,6,5,6,3,5,4,1,2,5,6,1,2,1,2,1,3,3,3,4,7,5,1,1,6,2,1,1,2,2,2,2,2,2,3,2,5,"Woman",35,"White","Postgraduate Degree (Masters, Doctorate)","Once when holidaying with my mother, we were mistaken as German. This was in Spain.","I felt a little confused, then a little flattered! Overall, I found it amusing.",4.5,5.71428571428571,2,2.5,4,2,2.8
"41",6,4,6,4,3,6,6,6,6,4,6,4,7,4,4,3,3,2,6,5,4,4,3,3,4,5,6,4,4,5,7,1,2,2,1,2,2,6,6,2,2,3,4,1,2,1,"Man",26,"White","GCSE's or Equivalent","No","I can't imagine being in that situation",4.5,5.42857142857143,4.6,3.75,4.8,2.6,2.2
"42",4,3,4,2,2,6,6,6,6,5,6,6,6,2,4,1,1,1,4,3,1,1,1,2,2,4,5,4,3,6,6,2,2,6,6,6,2,6,2,6,2,3,2,2,2,2,"Woman",32,"White","Undergraduate Degree (BSc/BA)","no","I think it is a privilege to write no, if I had experienced I would imagine it is dehumanising",3.25,5.85714285714286,3,1.875,4.4,4,2.2
"43",1,1,1,1,7,6,6,7,7,5,7,6,7,1,1,1,1,1,2,2,1,1,1,1,1,2,5,4,2,5,7,6,2,6,6,2,2,6,6,6,6,2,4,2,2,4,"Man",19,"White","A-level's or Equivalent","no","A pretty horrible experience I imagine, would probably make myself question my place in society",2.5,6.28571428571429,2.2,1.25,3.6,4.8,2.8
"44",6,4,6,5,3,5,5,3,5,4,4,5,6,6,6,6,1,2,6,6,4,1,2,1,1,4,4,4,3,5,7,2,2,6,2,2,2,2,2,2,2,2,2,3,2,4,"Woman",31,"White","GCSE's or Equivalent","I can't think of a time this has happened","I would feel terrible",6,4.42857142857143,4.8,2.5,4,2.4,2.6
"45",5,5,5,4,3,6,6,6,6,6,6,6,6,3,4,2,2,2,2,6,2,2,1,2,2,3,4,6,4,5,5,2,2,6,6,2,2,6,2,6,2,4,4,3,2,3,"Woman",24,"White","Undergraduate Degree (BSc/BA)","no","Alienated",3.75,6,4.4,2.375,4.4,3.6,3.2
"46",5,2,4,2,2,7,7,7,7,5,6,5,5,4,4,4,2,1,2,3,2,1,1,1,1,6,6,5,7,7,7,7,7,7,6,7,6,6,7,7,7,5,4,5,5,5,"Woman",40,"White","Undergraduate Degree (BSc/BA)","No","It would depend on what i was mistaken for but possibly embarrassed and self conscious.",4.25,6.28571428571429,3,1.5,6.2,6.7,4.8
"47",4,4,4,2,2,7,7,7,7,6,7,6,6,3,4,4,1,1,2,2,2,1,1,1,1,5,6,4,6,5,6,6,6,6,6,6,7,6,2,6,6,5,3,4,4,5,"Man",42,"White","Undergraduate Degree (BSc/BA)","No","It would make me feel less important and special as an individual",4.25,6.71428571428571,3.2,1.25,5.2,5.7,4.2
"48",4,2,5,1,3,6,5,6,7,7,6,6,7,1,3,2,1,1,3,2,1,1,1,1,1,6,7,7,7,6,7,2,2,6,6,6,2,6,2,2,2,2,2,2,1,2,"Woman",43,"White","Undergraduate Degree (BSc/BA)","No","It would depend on the context, if it was used as a way to attack in a bigoted way I would be upset. A general wrong assumption with no malice wouldn�t cause negative or positive feelings.",3.25,6.14285714285714,3,1.375,6.6,3.6,1.8
"49",5,2,4,2,2,6,7,6,6,6,6,6,6,4,5,2,2,2,3,6,2,1,2,2,1,5,5,6,6,6,5,6,6,7,6,6,2,7,2,7,6,5,5,5,4,5,"Woman",19,"White","A-level's or Equivalent","No","It would make me feel out of place and embarrassed and angry. Would make me feel like I was not accepted and did not belong.",4.25,6.14285714285714,3,2.375,5.6,5.5,4.8
"50",6,5,6,6,5,7,7,7,7,7,7,7,6,3,2,5,6,2,6,6,2,2,2,2,2,4,6,4,3,7,7,6,7,7,7,7,6,7,7,7,6,4,4,4,4,4,"Man",28,"White","Undergraduate Degree (BSc/BA)","i was on holiday in spain recently and the waiter was talking to me in spanish","it made me feel good,",4,7,5.6,3.5,4.8,6.7,4
"51",2,2,2,2,6,5,5,6,6,6,6,6,5,4,5,2,3,6,5,5,4,2,2,3,3,4,5,4,5,6,7,6,7,6,6,6,7,6,6,7,6,5,5,5,5,5,"Man",45,"White","GCSE's or Equivalent","No","It wouldnt worry me",4,5.71428571428571,2.8,3.625,4.8,6.3,5
"52",5,5,4,5,1,7,7,7,7,6,7,6,6,6,6,6,3,1,6,6,2,1,1,1,2,6,6,6,4,7,7,2,2,6,6,6,2,6,2,2,6,3,6,3,2,5,"Woman",39,"White","Undergraduate Degree (BSc/BA)","No","I would feel like they thought I didn't belong and that would make me feel angry and possibly worthless.",6,6.71428571428571,4,2.625,5.8,4,3.8
"53",5,3,4,4,5,6,6,6,6,5,6,4,5,3,5,3,2,2,3,3,2,2,1,2,1,5,5,4,6,4,6,2,2,2,2,2,2,2,2,6,2,2,2,2,4,3,"Man",22,"White","Undergraduate Degree (BSc/BA)","no","an outsider who is not respected",4,5.57142857142857,4.2,2,4.8,2.4,2.6
"54",5,5,5,5,1,7,7,7,7,7,7,7,6,6,6,6,1,1,6,5,2,1,1,1,1,5,7,5,7,7,7,6,6,7,6,6,1,6,1,7,6,5,5,4,5,2,"Woman",40,"White","Undergraduate Degree (BSc/BA)","No","A bit amused possibly awkward",6,7,4.2,2.125,6.2,5.2,4.2
"55",5,1,4,1,1,7,7,7,7,5,7,5,7,5,7,5,2,1,5,5,1,1,2,1,1,6,6,6,6,6,7,6,2,6,6,6,2,6,2,6,6,5,5,4,5,5,"Woman",30,"White","GCSE's or Equivalent","No","Upset",6,6.42857142857143,2.4,2.25,6,4.8,4.8
"56",2,2,4,2,2,7,6,5,7,6,5,6,6,4,4,4,1,1,3,3,2,1,1,1,1,5,5,5,5,6,6,6,6,6,6,6,6,6,2,6,6,4,4,4,4,4,"Woman",20,"White","A-level's or Equivalent","No","I think this would make me feel upset and lonely as it would make me question whether I did actually belong to that group",4.5,6,2.4,1.5,5.2,5.6,4
"57",6,4,4,4,1,6,7,7,6,5,6,7,6,4,4,3,1,1,5,4,4,1,1,1,1,5,4,6,7,7,6,2,2,6,2,2,2,2,1,2,1,4,5,4,4,3,"Woman",42,"White","Undergraduate Degree (BSc/BA)","No","I dont think i would mind to much",4.25,6.28571428571429,3.8,1.875,5.8,2.2,4
"58",3,4,6,2,1,6,6,6,6,6,6,5,6,5,6,6,3,2,6,6,4,2,2,2,2,6,5,6,6,7,7,6,2,6,6,2,2,6,2,2,6,3,3,5,2,3,"Woman",53,"White","Undergraduate Degree (BSc/BA)","No","It wouldnt bother me that much. I would simply correct the person.",5.75,5.85714285714286,3.2,3.125,6,4,3.2
"59",6,4,4,2,5,6,6,7,6,3,6,5,7,5,5,5,2,1,5,5,7,1,1,2,2,6,6,7,7,3,6,2,1,6,7,1,2,6,1,2,2,4,3,3,3,3,"Woman",32,"White","Undergraduate Degree (BSc/BA)","N/a","I wouldn�t feel insulted. I would be confused but it wouldn�t bother me too much.",5.5,5.57142857142857,4.2,2.375,5.8,3,3.2
"60",5,5,6,5,1,6,6,6,6,6,6,6,5,6,6,6,3,2,7,6,3,2,2,3,2,6,6,6,6,2,7,2,1,6,7,2,1,7,2,7,2,2,4,2,2,2,"Man",31,"White","Undergraduate Degree (BSc/BA)","No","If it was a simple mistake, I wouldn't care. If malicious, I would feel a sense of injustice.",5.75,6,4.4,3.375,5.2,3.7,2.4
"61",4,4,4,3,3,6,6,6,6,6,6,6,6,4,4,4,1,1,3,4,1,1,1,1,1,6,6,6,6,5,7,2,6,6,2,6,2,6,2,6,6,3,2,3,3,4,"Woman",20,"White","A-level's or Equivalent","no","I think it would make me feel invalidated and inadequate",4.5,6,3.6,1.625,5.8,4.4,3
"62",5,3,4,4,5,3,4,3,3,3,3,3,1,1,1,1,1,1,1,2,1,1,1,1,1,3,4,5,4,4,3,2,6,6,6,2,2,6,2,2,2,3,3,3,3,4,"Man",46,"White","A-level's or Equivalent","No","I think I would maybe feel a bit humiliated and angry",1,3.14285714285714,4.2,1.125,4,3.6,3.2
"63",6,4,5,2,2,6,6,6,6,6,3,6,3,3,6,5,1,1,5,5,7,1,1,1,1,6,7,6,2,6,7,7,2,7,7,7,2,7,6,7,6,6,5,4,6,6,"Woman",27,"White","Postgraduate Degree (Masters, Doctorate)","No","I would not mind too much",4.25,5.57142857142857,3.8,2,5.4,5.8,5.4
"64",6,2,4,4,5,7,7,6,6,6,6,5,6,4,6,6,1,1,5,6,1,1,1,1,1,6,6,6,6,5,7,6,7,6,6,6,6,6,6,6,6,4,4,3,4,5,"Woman",18,"White","A-level's or Equivalent","no","upset",5.5,6.14285714285714,4.2,2.125,5.8,6.1,4
"65",5,4,4,5,1,6,6,6,6,4,7,6,6,6,6,6,4,5,6,7,5,3,3,5,5,6,4,5,6,3,7,2,2,6,7,6,2,6,2,6,2,2,2,1,1,4,"Woman",40,"White","Undergraduate Degree (BSc/BA)","no","I dont think it would really affect me.  I would correct them if the situation warranted it.",6,5.85714285714286,3.8,4.75,4.8,4.1,2
"66",5,3,4,2,2,5,3,4,4,3,5,4,3,1,4,1,2,1,2,1,5,1,1,2,2,3,4,3,2,5,2,1,2,2,6,1,2,1,1,1,2,1,3,1,4,2,"Man",18,"Asian","A-level's or Equivalent","no","I don't think I would be offended but I would definitely be taken aback",2.25,4,3.2,1.5,3.4,1.9,2.2
"67",7,7,7,7,7,5,5,6,5,6,6,4,6,5,5,6,4,4,3,2,5,2,1,3,3,3,2,3,4,1,5,6,6,6,6,6,2,6,2,6,2,4,4,4,3,5,"Woman",63,"Black","A-level's or Equivalent","N/a","N/a",5.5,5.28571428571429,7,2.75,2.6,4.8,4
"68",3,1,2,2,3,4,5,4,4,3,5,2,5,2,3,2,1,1,3,2,1,1,1,2,1,5,6,5,6,6,6,6,7,7,7,7,7,7,7,7,6,4,4,4,4,5,"Man",39,"White","Postgraduate Degree (Masters, Doctorate)","Yes, I'm a white British male but I tan very well and when I'm on holiday people (including natives and English people) assume I'm from the country I'm on holiday in eg. Spain, Italy, France etc.","It's happened quite a few times now and I kind of enjoy the experience, particularly when an English person mistakes me for being Spanish or French and they try to speak Spanish or French to me!!",3,3.85714285714286,2.2,1.5,5.6,6.8,4.2
"69",6,4,5,4,1,7,7,7,7,6,7,7,7,4,6,4,4,1,5,5,2,1,1,1,1,4,4,3,3,7,7,1,1,2,2,1,2,6,2,1,2,2,1,1,1,2,"Woman",26,"White","A-level's or Equivalent","No","It would make me feel very self conscious, upset and angry",5.25,6.85714285714286,4,2.375,4.2,2,1.4
"70",6,4,6,3,2,5,5,4,5,4,4,4,5,4,5,4,6,1,7,7,3,1,1,1,1,2,7,1,7,1,6,6,2,6,7,6,2,6,2,6,2,4,4,3,4,3,"Woman",62,"White","GCSE's or Equivalent","No","Astounded that others can question who I am and where I am from",4.5,4.42857142857143,4.2,3.125,3.6,4.5,3.6
"71",5,4,4,3,3,6,6,7,7,6,7,5,6,5,5,4,6,1,5,5,3,2,2,2,2,3,4,5,5,5,7,2,2,2,6,2,2,2,2,2,2,2,2,2,2,2,"Woman",29,"White","No Formal Qualifications","No","I would not be offended i would simple correct them and move on.",5,6.28571428571429,3.8,3.125,4.4,2.4,2
"72",6,5,6,5,5,6,6,6,6,5,6,5,3,2,2,2,2,7,5,3,2,1,1,1,1,5,6,5,6,3,3,6,6,6,6,6,6,6,6,6,6,4,4,3,3,4,"Woman",39,"White","Postgraduate Degree (Masters, Doctorate)","No","Being northern irish can be confusing because you can be considered irish or british but i try not to let this bother me as i understand why people would be mistaken.",2.25,5.71428571428571,5.4,2.625,5,6,3.6
"73",5,2,4,2,3,6,4,5,6,4,6,2,1,3,5,1,1,1,3,3,2,1,1,1,1,3,4,3,4,6,6,2,2,6,2,2,2,6,1,2,2,4,2,3,5,5,"Woman",25,"White","Undergraduate Degree (BSc/BA)","Yes.  One time when I was getting my nails done, the nail technicians were being racist and downright rude about another ethnic group.  I have quite olive skin and then the nail tech turned to me and said ""oh you're not mixed race are you?"" to which i responded no.  I have had many other experiences abroad where people mistake me for english when i am scottish, however, this doesn't bother me much.","It made me feel disgusted and angry that they were talking like that and it seemed to me that it would be a problem to them if i was mixed race.",2.5,4.71428571428571,3.2,1.5,4,2.7,3.8
"74",4,4,4,4,2,7,7,7,7,7,7,7,7,6,6,6,4,2,6,6,4,2,2,3,3,5,6,6,6,5,7,6,6,6,6,6,2,6,2,6,6,5,5,3,4,3,"Man",25,"White","GCSE's or Equivalent","No","I can imagine this would make someone feel very uncomfortable and uneasy, although this hasn�t happened to myself I don�t wish it happen to anyone.",6.25,7,3.6,3.5,5.6,5.2,4
"75",7,7,7,4,3,3,5,3,3,5,7,5,3,5,6,4,1,1,4,2,6,1,1,1,1,5,5,7,3,2,1,2,1,6,6,6,1,7,1,6,2,4,2,2,4,4,"Woman",18,"Black","A-level's or Equivalent","No","I would feel quite embarrassed and uncomfortable with an uncertainty on how to continue being in the social group or work without feeling misplaced",4.5,4.42857142857143,5.6,1.5,4.4,3.8,3.2
"76",6,6,6,6,3,6,6,6,6,6,6,6,7,7,7,7,2,2,5,5,2,2,2,2,2,5,6,6,5,6,7,6,7,7,6,7,2,7,6,7,6,5,5,5,5,5,"Man",65,"White","GCSE's or Equivalent","No","Hurt, embarrassed and even angry maybe",7,6,5.4,2.75,5.6,6.1,5
"77",5,3,4,2,5,7,5,6,6,5,6,5,4,4,5,6,3,3,7,5,6,5,6,3,4,3,3,7,4,4,5,2,1,6,6,6,1,7,2,2,6,3,4,4,4,3,"Man",20,"White","A-level's or Equivalent","no","offended",4.75,5.71428571428571,3.8,4.5,4.2,3.9,3.6
"78",7,4,3,1,1,7,7,7,7,3,7,3,6,2,3,2,1,7,3,3,3,1,1,1,1,3,6,5,6,4,3,2,1,6,2,6,1,2,1,6,2,3,4,2,2,5,"Woman",33,"White","A-level's or Equivalent","Yes, I am a women in technical career. my experience and ability is always questioned","inadequate, unworthy",3.25,5.85714285714286,3.2,2.25,4.8,2.9,3.2
"79",5,2,3,1,1,6,5,6,6,3,6,4,6,3,3,2,2,1,5,5,5,1,1,1,1,3,3,3,5,6,7,2,2,6,6,6,6,7,6,7,6,2,3,2,1,5,"Woman",24,"White","A-level's or Equivalent","no","I doubt it would bother me too much",3.5,5.14285714285714,2.4,2.125,4,5.4,2.6
"80",5,2,5,3,2,6,6,7,5,5,6,6,6,5,5,4,2,2,4,5,2,1,2,2,1,3,4,5,4,6,5,6,6,6,7,6,6,6,6,6,6,4,4,4,3,5,"Woman",22,"White","Undergraduate Degree (BSc/BA)","No","I�d feel appalled that someone felt it necessary to question my own identity",5,5.85714285714286,3.4,2.375,4.4,6.1,4
"81",2,2,4,2,1,6,5,6,7,5,6,6,7,5,5,5,2,2,6,5,2,2,2,2,2,3,3,5,6,6,7,6,6,6,6,7,6,6,6,6,6,4,4,2,2,2,"Woman",29,"White","A-level's or Equivalent","No","I would feel offended if i experienced this",5.5,5.85714285714286,2.2,2.875,4.6,6.1,2.8
"82",2,3,4,2,2,6,6,6,6,3,6,3,5,5,4,3,4,4,5,5,5,4,2,4,2,3,4,3,3,6,7,2,1,6,2,2,1,1,2,1,2,2,2,2,1,2,"Man",33,"White","A-level's or Equivalent","no","I think it would depend a lot on context, but I can imagine it being embarrassing, alienating, and producing resentment.",4.25,5.14285714285714,2.6,3.75,3.8,2,1.8
"83",6,4,4,4,4,7,7,7,7,7,7,7,7,6,6,6,4,2,4,4,4,4,4,4,4,4,4,4,4,4,7,2,2,6,6,6,6,6,2,6,2,2,2,2,2,2,"Woman",47,"White","GCSE's or Equivalent","No","I would probably feel hurt",6.25,7,4.4,3.75,4,4.4,2
"84",4,4,4,5,2,6,6,6,6,5,6,6,5,5,5,5,2,1,5,5,2,1,2,1,1,5,4,6,6,6,7,6,7,6,7,7,7,6,6,7,7,5,5,5,4,5,"Woman",49,"White","Postgraduate Degree (Masters, Doctorate)","No","I think I'd feel quite left out and disappointed in the people who had excluded me",5,5.85714285714286,3.8,2.25,5.4,6.6,4.8
"85",6,7,5,2,2,6,6,6,7,5,7,5,6,7,7,2,1,4,7,7,1,1,1,4,4,6,4,6,4,5,7,6,6,6,6,6,2,7,2,6,6,5,5,6,5,4,"Man",21,"White","Undergraduate Degree (BSc/BA)","no","Indifferent, probably an inconnent mistake",5.5,6,4.4,3.625,5,5.3,5
"86",4,3,4,3,6,6,6,6,5,6,6,6,6,4,5,4,1,1,2,3,2,1,1,1,1,4,4,4,4,7,6,6,7,6,6,2,6,6,6,7,6,5,5,3,4,5,"Woman",36,"White","Undergraduate Degree (BSc/BA)","No","No",4.75,5.85714285714286,4,1.375,4.6,5.8,4.4
"87",6,6,7,6,6,4,5,3,4,5,4,5,5,4,5,6,1,1,6,5,4,1,1,1,1,6,5,6,5,3,5,6,2,6,6,7,2,7,2,2,6,2,3,2,4,2,"Woman",19,"Black","GCSE's or Equivalent","No","I would feel fine if they werent acting rude",5,4.28571428571429,6.2,2.125,5,4.6,2.6
"88",5,5,5,5,4,6,6,6,6,6,6,4,5,5,4,5,2,1,5,6,2,2,1,2,1,5,3,5,6,4,5,6,6,6,6,6,2,6,6,6,6,5,5,3,4,5,"Woman",35,"White","Postgraduate Degree (Masters, Doctorate)","No","It would not bother me much",4.75,5.71428571428571,4.8,2.5,4.6,5.6,4.4
"89",6,5,6,6,6,6,6,6,6,6,7,6,7,6,7,6,5,4,6,6,3,5,4,4,3,5,6,4,7,3,7,2,6,6,6,6,2,6,6,6,6,2,2,2,2,2,"Woman",66,"White","A-level's or Equivalent","In Egypt 20 years ago, I was asked by an Egyptian if I was an Egyptian!","It was really hot, I was sweating, and I actually said ""Do I look like a bloody Egyptian?"" I was incredulous.",6.5,6.14285714285714,5.8,4.625,5,5.2,2
"90",6,6,5,5,1,7,6,7,6,6,7,7,7,7,7,6,1,1,3,3,1,1,1,1,1,5,5,6,6,7,7,6,6,6,7,7,6,7,6,6,6,5,4,5,4,4,"Man",23,"White","Postgraduate Degree (Masters, Doctorate)","No","I would feel ashamed as if i was an imposter, regardless of how the conclusion was reached by other people.",6.75,6.57142857142857,4.6,1.5,5.8,6.3,4.4
"91",3,2,3,3,3,6,5,6,6,4,6,4,6,5,5,5,1,1,3,3,2,1,1,1,1,5,5,6,6,5,5,1,1,2,2,2,1,2,2,2,2,3,3,2,2,4,"Woman",21,"White","A-level's or Equivalent","No","I imagine it would be very isolating and would make me feel rejected",5.25,5.28571428571429,2.8,1.5,5.4,1.7,2.8
"92",4,4,4,2,4,3,3,3,3,4,3,3,7,4,6,4,2,1,5,3,4,1,1,2,2,3,4,4,4,4,4,6,1,6,6,6,1,6,1,1,2,3,2,3,2,3,"Woman",27,"White","A-level's or Equivalent","At work, a customer assumed i was polish and was rude to me when handing over money.","I thought rhe customer wqe very judgmental",5.25,3.14285714285714,3.6,2.125,3.8,3.6,2.6
"93",4,3,4,5,2,6,6,6,6,6,7,7,6,6,5,5,3,1,5,5,2,1,1,1,1,4,5,5,3,6,7,6,6,6,6,6,2,6,2,7,6,4,3,3,4,4,"Woman",21,"White","Undergraduate Degree (BSc/BA)","No","Would make me very feel very insecure and conscious of how I was presenting myself",5.5,6.28571428571429,3.6,2.25,4.6,5.3,3.6
"94",6,6,6,6,7,3,4,3,3,5,3,3,5,4,4,4,3,3,5,5,4,2,1,2,2,5,5,4,4,1,3,6,6,6,6,6,2,6,2,6,6,4,5,5,5,4,"Woman",19,"Asian","A-level's or Equivalent","no","probably angry, like who are you to tell me where I am from and where I belong",4.25,3.42857142857143,6.2,2.875,3.8,5.2,4.6
"95",6,4,4,3,2,6,5,5,6,5,5,5,6,5,6,5,1,1,6,6,3,1,1,1,1,3,6,6,5,5,4,6,6,6,6,7,2,7,6,7,6,4,4,5,4,4,"Man",26,"White","Postgraduate Degree (Masters, Doctorate)","no",NA,5.5,5.28571428571429,3.8,2.25,5,5.9,4.2
"96",6,6,6,6,3,5,5,5,5,5,5,6,6,6,6,6,6,3,6,6,6,6,6,2,2,6,1,6,2,6,3,7,1,7,7,2,2,6,1,2,7,5,5,4,5,5,"Man",26,"White","Undergraduate Degree (BSc/BA)","no","I would feel uncomfortable and try to make the individuals understand I am not part of that group in a polite manner",6,5.14285714285714,5.4,4.625,4.2,4.2,4.8
"97",4,4,4,4,4,6,6,6,6,6,6,6,7,7,6,6,4,2,5,6,4,2,2,2,2,5,2,6,2,6,6,6,2,7,6,6,2,6,2,6,6,5,4,5,5,5,"Woman",32,"White","Undergraduate Degree (BSc/BA)","no","n/a",6.5,6,4,3.125,4.2,4.9,4.8
"98",7,6,7,7,7,4,4,4,4,5,4,5,7,5,6,5,3,2,5,6,3,1,1,2,2,5,4,5,4,1,1,6,7,7,6,7,6,7,2,6,6,4,5,3,5,5,"Woman",25,"Black","Postgraduate Degree (Masters, Doctorate)","I got pulled to the side once at work for stealing a 10p bag which I did not do and turned out to be another black girl. But guess what she did not steal the 10p bag either.","Upset and like I have no one to turn to, to say this is not okay.",5.75,4.28571428571429,6.8,2.75,3.8,6,4.4
"99",3,3,5,3,1,6,6,7,3,3,5,5,7,5,6,5,5,3,5,1,4,3,2,4,4,4,4,4,3,6,7,6,6,6,6,6,6,6,2,6,6,2,6,4,2,2,"Woman",39,"White","A-level's or Equivalent","No","It would be horrible",5.75,5,3,3.375,4.2,5.6,3.2
"100",2,3,6,5,3,6,6,7,7,6,7,6,6,7,6,6,1,1,5,6,5,1,1,2,2,6,6,6,5,5,7,6,6,6,6,2,6,6,2,6,6,4,3,2,3,4,"Woman",34,"White","A-level's or Equivalent","Yes, when a friend asked if one of my parents was asian","I felt that i must be altering my nature appearance too much but was not offended, just laughed it off",6.25,6.42857142857143,3.8,2.375,5.6,5.2,3.2
"101",6,5,6,6,5,6,6,5,6,7,6,6,5,6,6,6,2,2,6,5,5,2,2,2,3,5,3,4,5,3,2,2,2,6,6,2,2,6,2,6,2,4,3,4,2,2,"Woman",20,"White","A-level's or Equivalent","Yes, I've been mistaken as being from a different ethnic background","It didn't make me feel any different, its a common mistake to make as a lot of people around the Mediterranean and Middle East look somewhat similar.",5.75,6,5.6,3,4,3.6,3
"102",4,4,4,2,3,5,5,5,6,4,5,4,6,5,5,4,2,1,7,7,1,1,1,2,4,4,4,5,6,6,7,6,7,6,1,7,7,6,7,7,6,5,2,2,3,4,"Woman",52,"White","GCSE's or Equivalent","No","I think I would feel that it wasn`t fair and that I should feel free to just be `me` and not have to `belong` to any particular group.",5,4.85714285714286,3.4,3.125,5,6,3.2
"103",2,2,4,2,2,6,6,4,6,4,6,4,2,1,1,1,1,1,1,2,4,1,1,2,1,6,7,6,7,7,7,6,7,6,6,7,7,7,2,7,6,5,4,4,5,4,"Woman",58,"White","Undergraduate Degree (BSc/BA)","no","angry",1.25,5.14285714285714,2.4,1.25,6.6,6.1,4.4
"104",3,2,5,1,3,6,6,7,7,5,7,5,5,5,5,5,1,1,5,3,1,1,1,2,1,2,6,5,3,5,5,2,1,6,6,2,1,6,2,6,2,4,4,3,3,4,"Man",20,"White","A-level's or Equivalent","No","I think this question is aimed at non white people feeling alienated or discriminated against. As I am white I can�t really know how it feels but I think I would feel sad and angry",5,6.14285714285714,2.8,1.875,4.2,3.4,3.6
"105",6,4,6,4,2,5,6,5,6,5,5,5,5,4,5,4,2,1,5,6,5,1,1,3,2,3,6,5,5,5,7,2,1,6,6,2,1,2,1,2,2,3,2,2,2,2,"Woman",28,"White","Undergraduate Degree (BSc/BA)","Because I am part Hispanic, I have had a couple of occasions where i have been told to ""go back home"" despite being a white, British person","It felt awful. Like i have nowhere to belong. It also made me feel so bad, and empathetic for friends of mone who get this kind of abuse on a regular basis",4.5,5.28571428571429,4.4,2.625,4.8,2.5,2.2
"106",5,4,5,5,5,4,5,4,4,5,4,5,3,5,4,3,1,1,1,2,1,1,1,1,1,3,4,3,3,3,2,6,6,6,7,6,6,6,6,6,6,4,5,4,4,4,"Man",38,"White","Postgraduate Degree (Masters, Doctorate)","People generally don't ask where I'm from unless I offer some information that makes them curious, others think I'm British and others don't care.","This hasn't been something I think much about.",3.75,4.42857142857143,4.8,1.125,3.2,6.1,4.2
"107",7,7,7,7,7,1,1,1,1,2,1,1,2,2,2,2,1,1,1,7,5,1,1,1,1,2,2,2,2,2,1,6,6,6,6,6,2,6,6,6,6,4,4,4,4,4,"Woman",18,"Asian","A-level's or Equivalent","No","I would feel uncomfortable and out of place",2,1.14285714285714,7,1.75,2,5.6,4
"108",4,4,4,3,1,6,6,6,6,6,6,6,6,5,5,4,1,1,5,5,2,1,1,1,1,6,6,6,6,7,7,6,6,6,6,6,6,6,6,6,6,6,5,5,5,6,"Woman",50,"White","Undergraduate Degree (BSc/BA)","No","It would make me feel unhappy, hurt, embarrassed and angry and self-conscious",5,6,3.2,2,6.2,6,5.4
"109",6,4,7,5,5,6,7,6,6,4,6,4,6,4,6,5,3,2,5,5,4,1,4,1,1,6,4,6,6,4,7,2,2,6,6,2,2,6,2,1,2,2,2,2,3,3,"Woman",28,"White","Undergraduate Degree (BSc/BA)","No","It would probably make me feel unwanted and unrecognised. If the person questioning me was part of my particular group I'd also feel like an outcast.",5.25,5.57142857142857,5.4,2.75,5.2,3.1,2.4
"110",4,4,5,4,3,6,6,6,6,6,6,6,6,5,5,5,2,1,5,5,2,1,1,1,1,6,6,6,6,4,6,6,2,6,6,6,2,6,2,6,6,4,4,3,2,2,"Woman",33,"White","A-level's or Equivalent","No","It would make me feel angry, sad and disappointed",5.25,6,4,2.125,5.6,4.8,3
"111",4,3,4,3,4,6,4,6,6,5,6,6,7,6,7,6,3,2,4,4,4,1,2,2,2,4,5,4,5,5,7,6,6,6,6,6,2,6,2,6,6,4,4,4,4,3,"Man",19,"White","A-level's or Equivalent","No",NA,6.5,5.57142857142857,3.6,2.5,4.6,5.2,3.8
"112",6,6,6,6,6,2,3,3,2,2,2,2,5,3,5,5,2,1,5,5,6,1,1,1,1,2,3,2,3,2,2,2,2,6,6,6,2,7,2,6,2,3,3,3,3,3,"Man",29,"Black","Undergraduate Degree (BSc/BA)","I was leading a sports session for a group of teachers. One of the teachers was suprised that I was leading the session. They did not say why, but I believe it was due to how I look.","It made me feel a little insecure.",4.5,2.28571428571429,6,2.125,2.4,4.1,3
"113",5,5,6,5,4,2,3,4,3,3,4,5,4,5,4,4,2,3,4,4,4,1,1,2,2,3,4,2,3,6,5,2,6,6,6,6,6,6,2,6,6,4,4,2,4,3,"Woman",54,"White","A-level's or Equivalent","In 1986 I was mistkaen for a Chinese lady by a group of youths laughing at me.","It diden't bother me as I just thought they were stupid & needed reading glasses I am white of Welsh extraction.",4.25,3.42857142857143,5,2.375,3.6,5.2,3.4
"114",5,3,3,2,5,3,6,3,2,5,3,6,5,3,4,3,2,3,3,3,2,2,2,3,2,3,3,3,3,5,4,6,2,6,6,6,2,6,2,6,2,2,2,3,3,3,"Woman",25,"Asian","Undergraduate Degree (BSc/BA)","Yes, people don�t always know I am Asian when they meet me and I am sometimes told I don�t seem like others of my racial group, which is stereotypical.","Awful, because I am part of my ethnic group which is also very diverse. You cannot label blanket stereotypes on a whole ethnic group and it is not a compliment to say someone doesn�t act like their ethnic group.",3.75,4,3.6,2.5,3.4,4.4,2.6
"115",5,5,7,7,7,4,5,7,2,7,7,7,7,4,4,4,1,1,1,1,7,1,1,1,1,3,6,6,3,1,1,7,1,7,7,2,1,7,1,7,7,4,4,4,4,5,"Man",20,"Asian","A-level's or Equivalent","No","Very excluded and misunderstood",4.75,5.57142857142857,6.2,1,3.8,4.7,4.2
"116",5,5,5,6,5,2,1,3,2,3,1,3,5,5,5,5,3,5,1,1,5,3,2,3,2,1,1,1,1,2,2,1,1,6,2,6,2,2,1,2,2,2,2,2,3,2,"Man",30,"Black","Undergraduate Degree (BSc/BA)","Yes. I walked into a high end watch shop and wanted to get it fixed. The manager questioned me as if i didn't belong there and he almost refused to help me because he thought that i had stolen the watch.","It made me feel like i did not belong and that i was a criminal.",5,2.14285714285714,5.2,2.5,1.2,2.5,2.2
"117",7,7,7,7,2,6,5,5,6,6,6,5,6,6,6,6,6,1,4,6,2,2,3,2,2,5,4,5,4,3,6,6,6,6,6,7,6,6,2,6,6,4,4,4,4,3,"Man",24,"Black","Undergraduate Degree (BSc/BA)","Yes, I was mistaken to be another black person at my work during a call with a client over the phone.","It made me a feel a little bit weird as it made me think whether all people think all black people are the same",6,5.57142857142857,6,3.25,4.2,5.7,3.8
"118",3,2,4,2,2,6,6,6,6,6,6,6,5,4,5,3,2,2,2,2,2,2,1,2,2,4,3,5,4,6,5,6,7,6,7,7,6,6,6,7,6,5,5,5,4,5,"Woman",57,"White","Undergraduate Degree (BSc/BA)","no","a bit annoyed.",4.25,6,2.6,1.875,4.4,6.4,4.8
"119",7,7,7,7,7,4,5,5,4,3,4,4,7,3,3,3,2,1,2,4,6,1,1,2,1,4,3,4,2,1,3,7,7,7,7,1,7,6,7,7,6,5,5,4,4,4,"Woman",20,"Black","A-level's or Equivalent","White people love to tell me that I'm mixed race just because I'm lighter than some other black people. I think they do it to pacify their racism and racist comments","It makes me feel annoyed because they are trying to make me more like them when I don't identify in that way at all",4,4.14285714285714,7,1.75,2.8,6.2,4.4
"120",7,7,7,7,7,4,4,4,4,4,4,4,6,6,6,6,4,3,6,5,6,5,4,2,3,7,1,7,1,7,4,6,6,2,7,6,2,2,6,2,2,6,6,6,6,6,"Woman",19,"Asian","Undergraduate Degree (BSc/BA)","no","it would be very stressful and distraught",6,4,7,4,4.6,4.1,6
"121",7,7,7,4,6,1,4,1,1,3,1,5,3,1,3,1,1,1,4,6,5,1,1,1,1,2,5,3,4,3,1,7,7,7,7,7,7,7,7,7,7,2,2,2,2,4,"Man",39,"Black","Postgraduate Degree (Masters, Doctorate)","No","I would be hurt and offended if that ever happened to me. Most times people are correct that I�m African even though I have British citizenship. I am not offended if people ask me if I have another heritage",2,2.28571428571429,6.2,2,3.4,7,2.4
"122",7,7,7,7,7,3,3,2,3,3,4,4,4,3,3,2,1,2,2,3,5,1,1,1,2,4,2,3,2,2,1,1,2,2,2,2,1,2,6,2,2,3,3,4,2,2,"Woman",37,"Black","Postgraduate Degree (Masters, Doctorate)","no","I would most likely feel offended that someone could questioned my belonging to a particular group as it would be none of their business.",3,3.14285714285714,7,1.625,2.6,2.2,2.8
"123",6,6,6,6,7,2,4,2,4,2,2,2,6,6,6,6,2,1,5,6,2,1,1,2,2,4,3,2,3,2,1,6,7,6,6,7,6,6,6,7,7,3,4,3,2,3,"Man",35,"Black","Undergraduate Degree (BSc/BA)","Yes. I was at event and I mistaken for a porter even though I was wearing a suit and all the porters were wearing uniforms","It hurt me to but it's something that I can overcome",6,2.57142857142857,6.2,2.5,2.8,6.4,3
"124",7,7,7,6,6,5,3,4,7,5,4,4,6,3,5,4,1,1,5,5,5,1,1,1,1,3,3,5,3,1,2,6,6,6,6,7,7,6,6,7,6,5,5,4,5,4,"Woman",22,"Black","Undergraduate Degree (BSc/BA)","no","It would maybe make me think about how I�m perceived in society and my ethnic group is also perceived.",4.5,4.57142857142857,6.6,2,3,6.3,4.6
"125",6,6,6,6,2,3,3,2,2,3,2,2,6,6,5,6,2,1,2,2,7,2,1,1,1,2,2,2,2,2,2,2,2,6,6,2,2,2,1,2,1,2,2,2,1,2,"Woman",26,"Asian","Undergraduate Degree (BSc/BA)","Yes. Been confused for being Indian and sikh on several occasions.","Not very bothered, mostly confused why",5.75,2.42857142857143,5.2,1.5,2,2.6,1.8
"126",4,1,4,2,6,1,4,1,2,4,1,4,2,1,2,1,1,1,4,1,1,1,1,1,1,1,1,1,2,2,2,1,1,1,1,1,2,1,6,1,1,1,2,1,2,2,"Man",45,"Black","A-level's or Equivalent","no","indifferent",1.5,2.42857142857143,3.4,1.375,1.4,1.6,1.6
"127",5,5,5,5,1,7,7,7,7,7,7,7,7,7,7,7,4,4,4,4,4,4,4,4,4,7,1,7,1,7,1,7,7,6,7,7,7,7,6,7,7,5,5,5,5,5,"Woman",37,"Asian","A-level's or Equivalent","no","I would wonder why",7,7,4.2,4,4.6,6.8,5
"128",6,5,6,6,6,5,6,5,6,5,5,5,6,5,5,6,2,3,5,5,5,2,2,2,2,5,4,5,4,2,3,6,7,7,7,7,6,6,7,7,6,4,6,5,4,4,"Man",29,"Black","Undergraduate Degree (BSc/BA)","Yes, when people think i couldn't be doing the job i do.","made me think as if i want to do it more to prove them wrong.",5.5,5.28571428571429,5.8,2.875,4,6.6,4.6
"129",6,6,7,6,5,5,2,3,5,2,3,3,4,5,5,5,2,1,6,6,5,1,1,2,3,5,3,5,3,3,5,6,6,6,6,7,6,6,2,7,6,4,5,4,4,3,"Woman",34,"Black","Undergraduate Degree (BSc/BA)","no","If i had, it would probably make me feel upset, and question myself",4.75,3.28571428571429,6,2.75,3.8,5.8,4
"130",7,7,7,7,7,5,3,3,5,5,3,3,1,5,4,4,3,1,4,4,3,3,1,1,1,3,4,3,3,1,3,6,7,7,7,7,7,7,7,7,7,5,5,5,5,5,"Woman",46,"Black","Undergraduate Degree (BSc/BA)","no","N/A",3.5,3.85714285714286,7,2.25,2.8,6.9,5
"131",5,5,4,5,4,4,4,4,4,4,5,4,6,6,6,6,3,4,5,6,5,3,3,3,3,4,3,3,3,4,2,6,6,6,6,6,6,6,6,6,6,4,3,4,3,4,"Woman",45,"Asian","A-level's or Equivalent","no","don't know",6,4.14285714285714,4.6,3.75,3.4,6,3.6
"132",5,3,5,5,2,4,3,3,2,3,4,5,4,1,2,2,3,2,2,3,5,1,1,1,1,6,6,6,6,3,3,6,2,6,6,6,2,6,1,6,6,4,4,4,3,3,"Woman",33,"Asian","Undergraduate Degree (BSc/BA)","Got mistaken for being Muslim/pakistani","It was used as an insult so it left a negative impact. More because it was said to hurt rather than the language itself",2.25,3.42857142857143,4,1.75,5.4,4.7,3.6
"133",5,5,4,5,3,3,4,3,3,4,1,3,5,4,4,4,5,5,3,4,2,5,3,5,4,4,6,4,4,3,2,6,2,6,6,6,2,6,2,7,2,3,2,2,2,1,"Woman",22,"Asian","Undergraduate Degree (BSc/BA)","No... I have never been mistaken for an another ethnicity but I have been mistaken as a person from another State in my country.","I will write in this anyways. I dont know if its useful to you. I felt a little uncomfortable about being mistaken but I didnt feel bad about it at all.",4.25,3,4.4,4.25,4.2,4.5,2
"134",6,5,6,6,5,6,6,6,6,6,6,6,6,6,6,5,3,3,5,5,4,3,2,3,3,5,5,5,6,3,3,6,2,6,6,2,6,6,2,6,2,4,4,3,3,3,"Woman",19,"Asian","A-level's or Equivalent","no","I would feel confused as to why someone is questioning me",5.75,6,5.6,3.375,4.8,4.4,3.4
"135",6,4,6,3,6,2,5,3,2,4,3,3,4,3,4,2,2,3,4,6,3,3,1,2,4,3,4,5,4,3,3,2,2,6,6,2,2,6,6,6,6,1,3,2,2,2,"Man",24,"Black","Undergraduate Degree (BSc/BA)","When explaining my nationality I have been told to explain further as I was not considered 'British' due to my ethnicity and accent","Very annoyed and embarrassed",3.25,3.14285714285714,5,3.125,3.8,4.4,2
"136",6,7,7,7,6,5,5,5,5,5,5,4,6,6,6,6,1,1,4,4,4,1,1,1,1,4,4,7,4,1,3,7,7,7,6,7,7,7,7,7,7,6,6,6,6,6,"Woman",19,"Asian","A-level's or Equivalent","No","No",6,4.85714285714286,6.6,1.75,4,6.9,6
"137",2,5,4,6,5,4,4,5,4,5,6,2,5,3,4,4,1,1,3,6,6,6,6,1,2,4,5,4,7,1,5,7,7,7,7,7,7,7,7,7,7,2,5,5,4,2,"Woman",37,"Asian","Undergraduate Degree (BSc/BA)","Happens a lot, on holiday mostly with people who see me for the first time. They day ""you don't look Asian"". It happens epecially when i get a sun tan also, have been told my features are not 'typical' whatever that means.","I'm always intrigued as ive gotten almost every single ethnic mix you can think of. Its not being said in an offensive way so never feel bad about it. Its quite nice to feel i 'look different' enough for people to question where i am from.",4,4.28571428571429,4.4,3.25,4.2,7,3.6
"138",4,5,5,4,5,3,3,6,3,4,4,3,7,7,7,7,4,3,4,4,4,2,2,2,3,4,4,5,3,4,5,6,7,7,7,7,7,7,6,7,6,5,5,5,5,5,"Man",42,"Asian","Postgraduate Degree (Masters, Doctorate)","no","Feel devastated",7,3.71428571428571,4.6,3,4,6.7,5
"139",6,5,7,5,7,3,5,4,5,2,5,2,5,5,6,4,2,2,3,6,4,2,1,2,2,4,3,3,3,3,4,6,6,7,7,7,7,6,6,7,6,2,5,3,4,2,"Woman",29,"Black","Postgraduate Degree (Masters, Doctorate)","no","I think i'd break down and cry",5,3.71428571428571,6,2.5,3.2,6.5,3.2
"140",4,3,5,2,1,6,6,6,5,6,5,6,5,5,5,5,6,2,5,5,5,5,4,3,1,5,3,5,3,6,3,6,2,6,6,7,2,7,2,7,6,4,4,5,4,4,"Man",34,"Asian","A-level's or Equivalent","no","no",5,5.71428571428571,3,3.875,4.4,5.1,4.2
"141",6,5,7,6,6,4,6,4,6,5,4,5,6,3,5,5,3,2,5,5,5,2,2,1,2,6,6,6,7,5,2,7,6,7,7,7,2,6,2,7,7,5,5,4,5,4,"Woman",22,"Asian","Undergraduate Degree (BSc/BA)","NO","i WOULD FEEL ATTACKED AND DISCRIMINATED AGAINST",4.75,4.85714285714286,6,2.75,6,5.8,4.6
"142",7,7,7,6,7,7,7,7,7,7,7,6,7,7,7,7,7,1,7,7,4,1,1,1,1,7,7,7,7,1,5,7,7,7,7,7,7,7,2,7,7,6,6,6,5,6,"Woman",37,"Asian","Undergraduate Degree (BSc/BA)","no","i would just brush it off and let it go",7,6.85714285714286,6.8,3.25,5.8,6.5,5.8
"143",6,6,6,6,6,3,2,1,3,2,1,5,4,5,5,4,1,1,3,6,4,1,1,2,1,5,3,5,3,1,3,7,7,7,7,6,2,7,1,7,6,5,5,5,4,5,"Woman",23,"Asian","Postgraduate Degree (Masters, Doctorate)","In a socials setting, I was with friends and they had mistook my ethnicity for another","I tried not to be offended as it was an honest mistake and the friend hadn�t talked further so it was best to let it go",4.5,2.42857142857143,6,2,3.4,5.7,4.8
"144",5,5,5,5,6,3,2,3,3,3,3,3,4,3,5,5,1,1,3,7,2,1,2,3,2,3,4,3,5,2,3,2,2,6,2,6,2,6,1,7,2,2,2,3,3,2,"Woman",22,"Asian","Postgraduate Degree (Masters, Doctorate)","I was abroad and was mistaken as being north african by students at a university I was at an exchange at.","I felt judged and like they had previous misconceptions about me that were not true. It was annoying to be misjudged.",4.25,2.85714285714286,5.2,2.5,3.4,3.6,2.4
"145",7,6,7,6,6,4,4,6,5,4,6,6,7,6,7,6,1,1,3,5,4,1,1,1,2,4,4,5,6,2,5,6,6,7,6,6,6,7,6,7,7,5,5,2,2,6,"Woman",39,"Asian","Undergraduate Degree (BSc/BA)","Yes in a call centre job, people on the other side of the phone often thought i was english","Indifferent, made me giggle a little",6.5,5,6.4,1.875,4.2,6.4,4
"146",5,4,6,6,6,5,4,5,4,4,4,4,6,5,5,5,1,1,3,2,3,1,1,1,1,6,4,6,6,2,5,6,7,6,6,6,6,7,6,7,6,4,4,3,3,4,"Woman",46,"Asian","Postgraduate Degree (Masters, Doctorate)","No","It would depend upon the attitude of the person making the mistake and the language they use. If they made an assumption based on appearances but were able to realise their mistake then that�s ok.",5.25,4.28571428571429,5.4,1.375,4.8,6.3,3.6
"147",7,7,7,7,6,6,4,4,5,5,6,4,6,6,6,6,1,1,4,5,6,1,1,1,1,7,7,7,7,3,4,7,7,7,7,7,7,7,7,7,7,5,5,4,5,6,"Man",33,"Black","Undergraduate Degree (BSc/BA)","no","no",6,4.85714285714286,6.8,1.875,6.2,7,5
"148",3,4,4,2,3,6,6,6,6,4,6,4,7,5,6,4,1,1,5,5,1,1,1,2,1,3,4,3,3,6,2,7,7,6,6,7,2,7,6,7,6,5,5,3,3,5,"Man",33,"Asian","A-level's or Equivalent","In secondary school, I was told to ""fuck off back to your country"" quite often (despite being born and living in England for my whole life).","It made me feel like I didn't belong. But i've since come to understand that people like that are just lashing out due to bad experiences in their own lives.",5.5,5.42857142857143,3.2,2.125,3.8,6.1,4.2
"149",6,6,6,6,6,5,5,5,5,5,5,5,6,6,5,5,2,1,5,5,6,1,1,1,1,2,2,2,2,2,4,6,2,6,6,6,2,6,2,6,6,3,3,3,3,3,"Woman",28,"Black","Undergraduate Degree (BSc/BA)","no","I would probably feel upset and hurt.",5.5,5,6,2.125,2,4.8,3
"150",7,6,7,7,7,6,5,6,6,5,5,5,5,3,5,5,1,2,1,2,1,5,1,1,2,5,3,5,5,3,2,7,7,6,7,6,7,7,2,7,7,5,5,5,5,5,"Woman",18,"Asian","A-level's or Equivalent","No","I would be upset. It's not nice hearing someone question who you are based on the way you look or how you hold yourself in a conversation.",4.5,5.42857142857143,6.8,1.875,4.2,6.3,5
"151",6,5,7,7,6,4,3,5,5,4,5,4,4,2,2,2,1,2,2,3,5,1,1,2,3,2,2,2,2,2,1,6,6,7,7,6,6,6,6,6,6,2,2,2,2,2,"Woman",NA,"Mixed","Postgraduate Degree (Masters, Doctorate)","Constantly because I'm racially/ethnically ambiguous","Irritating",2.5,4.28571428571429,6.2,1.875,2,6.2,2
"152",7,7,7,7,7,4,4,3,6,6,3,4,7,7,7,6,1,2,6,4,2,1,1,1,1,5,6,5,6,1,4,2,2,6,6,2,2,2,1,2,2,2,2,2,1,4,"Woman",25,"Asian","Undergraduate Degree (BSc/BA)","Not sure if this relates but often at work older patients will ask 'so where are you from' not realising I was born here.","Slightly annoyed",6.75,4.28571428571429,7,2.125,4.6,2.7,2.2
"153",7,5,7,6,6,3,2,6,3,4,2,3,5,5,5,4,3,1,3,7,5,3,1,1,2,4,2,6,5,5,1,7,6,6,2,2,2,6,1,6,6,4,4,2,3,2,"Woman",21,"Asian","Undergraduate Degree (BSc/BA)","yes , i have been mistaken for alot of different ethnicities based off looks.","i feel okay as long as it is not disrespectful",4.75,3.28571428571429,6.2,2.625,4.4,4.4,3
"154",7,7,7,7,7,2,2,3,2,2,2,2,5,5,5,3,1,1,2,3,6,1,1,2,1,2,1,1,1,2,2,2,2,6,6,2,2,6,2,1,2,3,2,2,2,3,"Woman",39,"Black","A-level's or Equivalent","no","I would feel victimised",4.5,2.14285714285714,7,1.5,1.4,3.1,2.4
"155",6,6,4,2,3,4,3,3,5,2,3,4,4,5,5,4,2,1,5,5,6,1,1,1,2,2,3,2,3,3,5,6,6,7,6,6,6,7,7,7,6,5,5,2,5,4,"Woman",51,"Black","Undergraduate Degree (BSc/BA)","A work colleague commented that my English was very good and asked how long I'd been in the country. I told him I was born here.","The man was red-faced  after I replied but it didn't really bother me.",4.5,3.42857142857143,4.2,2.25,2.6,6.4,4.2
"156",6,7,7,7,7,4,6,6,5,5,6,5,6,7,6,6,5,2,6,6,2,5,6,4,4,6,6,6,5,1,5,6,7,7,6,7,7,6,6,7,6,4,5,4,5,4,"Man",40,"Asian","Postgraduate Degree (Masters, Doctorate)","no","I would not be too concerned and would seek to clarify the confusion in the other person.",6.25,5.28571428571429,6.8,4.75,4.8,6.5,4.4
"157",6,5,6,6,6,6,6,6,6,3,6,3,7,7,7,7,2,2,6,5,2,1,1,1,2,3,4,5,5,2,4,7,7,7,7,6,2,7,6,7,7,4,5,5,5,4,"Woman",23,"Asian","A-level's or Equivalent","No","Really defensive and annoyed if the person was saying it in a rude way",7,5.14285714285714,5.8,2.5,3.8,6.3,4.6
"158",5,6,6,6,7,3,3,3,3,5,3,4,6,2,4,4,1,1,1,1,6,1,1,1,1,3,3,2,1,2,4,2,2,6,6,6,2,2,1,6,2,3,2,3,2,2,"Woman",20,"Black","A-level's or Equivalent","ive had other black people i considered friends call me white and tell me im not black enough based on my interests not aligning with what is stereotypically considered to be black such as the music i listen to","it makes me feel isolated from my own ethnicity and that i dont fit in and also sad that people still subscribe to stereotypes and that people are still trying to conform even though everyone is different and that doesnt change their ethnicity",4,3.42857142857143,6,1,2.2,3.5,2.4
"159",6,6,6,7,6,2,2,2,1,2,3,2,5,4,5,4,2,1,3,3,7,1,1,1,1,2,3,2,3,2,3,2,2,6,6,2,2,6,6,6,2,4,2,3,3,2,"Woman",28,"Black","Undergraduate Degree (BSc/BA)","at school, one teacher used to call me the name of a different black girl almost everytime i was in her class","like she couldn't tell us apart or she was being intentionally passive aggressive - the girl she 'confused' me for was two years ahead of me and we looked nothing alike",4.5,2,6.2,1.625,2.4,4,2.8
"160",3,4,5,5,7,6,6,5,4,7,5,5,6,5,6,5,1,1,5,5,4,1,1,1,1,2,3,1,3,1,1,2,2,2,6,2,2,2,2,2,2,2,2,1,2,2,"Woman",21,"Asian","Undergraduate Degree (BSc/BA)","Yes I have quite an ethnically ambiguous skin tone which means my ethnicity is questioned quite frequently such as people asking me if I�m a different race or mixed race or strangers of my ethnic group assuming I don�t speak the ethnic language and having their companion translate what they are saying to me when I perfectly understand. I also partake in activities and dress codes that many people from my ethnic group see as being too westernised thus my ratio of how much I relate to my ethnic group is questioned.","I absolutely despise and feel offended when people question how much I belong to my ethnic group as they see things very black and white and perceive me a certain way due to their narrow minded thinking.",5.5,5.42857142857143,4.8,2,2,2.4,1.8
"161",6,6,6,6,6,5,5,6,6,6,6,5,7,7,7,7,1,1,3,3,6,1,1,1,1,3,3,3,3,3,1,6,2,6,6,6,2,6,2,7,6,4,4,4,5,4,"Woman",22,"Asian","A-level's or Equivalent","No","I would feel really upset and awkward",7,5.57142857142857,6,1.5,3,4.9,4.2
"162",6,5,6,6,6,5,6,3,3,5,6,5,5,3,4,5,1,1,6,5,3,2,2,1,2,5,5,5,4,2,1,6,2,6,6,6,6,6,2,6,6,4,4,4,4,5,"Woman",18,"Asian","A-level's or Equivalent","no","i would feel hurt and upset",4.25,4.71428571428571,5.8,2.5,4.2,5.2,4.2
"163",2,2,3,2,2,4,4,4,4,4,3,4,6,5,6,6,3,3,4,6,3,2,2,4,3,4,5,4,4,5,3,6,6,6,6,6,2,6,2,6,6,4,5,3,4,3,"Woman",31,"Asian","Undergraduate Degree (BSc/BA)","No","No",5.75,3.85714285714286,2.2,3.375,4.4,5.2,3.8
"164",5,7,7,7,6,5,6,7,6,5,7,6,7,6,7,5,1,1,5,5,4,1,1,1,1,5,4,5,3,2,3,1,2,7,6,6,2,7,1,6,2,3,4,3,1,3,"Woman",26,"Black","Undergraduate Degree (BSc/BA)","On a number of occasions people have been shocked when I start talking and they realise I'm a native English speaker with a local accent","It made me feel irritated that people still assume non white means you're not British",6.25,6,6.4,2,3.8,4,2.8
"165",5,5,5,4,4,5,5,4,5,5,4,5,5,4,4,5,2,2,4,5,4,1,2,2,2,5,5,4,6,4,4,2,2,2,6,2,2,6,2,2,2,4,4,4,4,3,"Man",20,"Asian","A-level's or Equivalent","no","That would hurt me a lot and bring my confidence down",4.5,4.71428571428571,4.6,2.5,4.8,2.8,3.8
"166",6,5,7,6,6,6,3,5,6,5,5,5,6,4,7,6,2,2,2,2,5,1,1,2,2,5,3,4,3,3,5,6,7,6,6,7,6,6,7,7,7,5,5,5,5,5,"Woman",56,"Black","Postgraduate Degree (Masters, Doctorate)","no","i would feel i have as much right as anyone else and would be able to articulate this appropriately",5.75,5,6,1.75,3.6,6.5,5
"167",3,3,4,2,2,6,4,3,6,4,6,3,5,5,6,4,4,4,5,6,2,2,2,2,2,4,5,5,4,6,2,6,2,7,6,6,6,6,2,6,6,4,4,3,4,3,"Woman",34,"Asian","Postgraduate Degree (Masters, Doctorate)","No","I don't think i would take offence because i dont believe i'm tied or limited into any one group or that l should compare others in that group as being the same as me",5,4.57142857142857,2.8,3.375,4.8,5.3,3.6
"168",7,7,7,7,7,5,4,4,3,4,2,3,4,5,5,5,1,1,7,6,2,1,1,1,1,7,3,5,3,1,3,6,7,7,7,7,7,7,7,7,7,5,5,5,2,5,"Man",31,"Black","Undergraduate Degree (BSc/BA)","I was at work in a hotel and a guest asked me where am i from, after responding he asked ""no where are you really from"" and proceed to ask again ""no where are your parents from""?","That interaction filled me with anger, and embarrassments",4.75,3.57142857142857,7,2.375,3.8,6.9,4.4
"169",7,6,6,6,6,3,4,3,3,5,4,5,5,5,6,5,3,2,3,5,2,2,1,3,3,3,2,3,3,3,5,6,2,6,6,6,6,6,2,7,7,4,3,4,4,3,"Man",37,"Asian","Undergraduate Degree (BSc/BA)","No","Depending on what was said it may have been an innocent mistake. If this was the case I would probably not correct them, however if they were becoming insulting I would make an effort to correct the",5.25,3.85714285714286,6.2,2.75,2.8,5.4,3.6
"170",6,2,6,5,7,5,6,6,6,6,6,6,7,7,7,7,2,2,3,3,2,1,1,2,1,6,3,6,6,7,4,6,6,6,7,7,2,6,2,6,7,4,4,3,6,5,"Woman",20,"Asian","A-level's or Equivalent","no","I would be quite sad if my belonging was questioned. I consider where i live to be very multicultural and diverse so i would feel upset. I would not feel bad if someone mistakes my identity depending on their intent..",7,5.85714285714286,5.2,1.875,5.6,5.5,4.4
"171",6,5,7,4,5,3,4,3,3,6,4,4,5,2,3,3,2,1,3,1,4,1,4,1,1,3,3,4,3,3,1,7,2,7,7,6,2,7,6,6,7,4,4,4,5,5,"Woman",24,"Black","A-level's or Equivalent","No","I would feel hurt and upset",3.25,3.85714285714286,5.4,1.75,3.2,5.7,4.4
"172",6,6,7,6,5,3,6,2,3,3,3,5,4,6,6,4,4,4,5,6,3,1,1,4,4,3,5,3,5,2,5,7,7,7,7,7,7,7,7,6,7,4,5,2,5,4,"Man",29,"Black","A-level's or Equivalent","no","I don't know. It would hard",5,3.57142857142857,6,3.625,3.6,6.9,4
"173",6,5,6,6,5,5,3,6,3,3,6,3,6,6,6,6,3,5,3,4,3,3,2,3,2,3,3,5,2,3,5,6,6,6,6,6,6,6,2,6,6,4,4,2,2,4,"Woman",37,"Black","Postgraduate Degree (Masters, Doctorate)","Yes.i'm from african descent and people can assume i was born there even though i was born in britain","a little annoyed but i calmly explain my upbringing and it's fine",6,4.14285714285714,5.6,3.125,3.2,5.6,3.2
"174",7,7,7,7,5,4,5,6,4,5,6,6,5,5,5,4,1,1,5,3,5,1,1,1,1,4,6,3,3,1,2,7,7,7,7,7,6,7,7,7,7,5,3,4,2,5,"Woman",51,"Asian","Undergraduate Degree (BSc/BA)","No","I would feel uncomfortable but would speak up about belonging to the group",4.75,5.14285714285714,6.6,1.75,3.4,6.9,3.8
"175",6,6,6,6,2,6,6,3,3,5,6,4,5,5,5,4,3,3,6,5,4,3,3,3,3,6,3,6,5,5,4,6,7,6,6,2,7,6,6,7,6,5,5,5,5,5,"Woman",38,"Asian","Undergraduate Degree (BSc/BA)","Yes customer believed I was from different asian country","It felt a bit annoying, but was not meant to offend",4.75,4.71428571428571,5.2,3.625,5,5.9,5
"176",5,5,5,6,7,3,1,2,2,2,3,3,5,3,4,4,1,1,2,3,7,1,1,1,1,1,1,1,1,1,1,2,7,6,2,2,6,6,1,2,2,2,1,2,2,1,"Man",53,"Black","Undergraduate Degree (BSc/BA)","Yes, when I tell some people I am British - people who are British, and they say where are you really from(that is they can see my ancestors were born outside Britian).","I am mad with them.",4,2.28571428571429,5.6,1.375,1,3.6,1.6
"177",4,4,4,5,1,1,2,2,1,3,2,3,6,4,4,4,1,1,1,2,4,1,1,2,1,1,4,1,1,5,1,2,1,2,1,6,1,2,1,1,2,2,2,2,2,2,"Man",21,"Asian","A-level's or Equivalent","People always think I am Indian.",NA,4.5,2,3.6,1.25,2.4,1.9,2
"178",7,7,7,7,3,4,2,5,3,2,4,3,7,5,5,5,3,2,4,3,6,1,6,1,1,4,3,6,3,3,7,6,7,6,7,7,7,6,7,7,7,5,3,4,2,5,"Woman",33,"Black","A-level's or Equivalent","no","n/a",5.5,3.28571428571429,6.2,2.625,3.8,6.7,3.8
"179",6,6,7,6,2,6,6,3,6,6,6,6,7,7,7,7,1,2,6,6,2,2,1,2,2,4,6,6,7,5,2,6,6,6,7,7,7,6,6,7,7,5,5,4,5,5,"Woman",23,"Asian","Postgraduate Degree (Masters, Doctorate)","no","happy and proud",7,5.57142857142857,5.4,2.75,5.6,6.5,4.8
"180",7,7,7,7,6,4,4,3,5,5,3,5,4,4,4,4,4,2,4,5,4,2,1,2,1,4,3,2,4,1,2,7,7,7,7,7,7,7,7,7,2,5,5,4,4,4,"Man",41,"Black","Undergraduate Degree (BSc/BA)","No","I would feel hurt.",4,4.14285714285714,6.8,2.625,2.8,6.5,4.4
"181",3,3,3,3,4,4,4,3,4,5,3,3,5,4,4,5,2,1,4,5,4,1,1,1,2,4,4,5,4,5,2,2,2,2,6,2,2,6,2,2,6,3,2,3,2,2,"Man",30,"Asian","Undergraduate Degree (BSc/BA)","Whilst I was living out for university, I had to buy some tools in a shop. The shop I went into was owned and operated by Indian people. On two separate occassions, I have had 2 customers asking me where something is in one visit, and I had a member of staff speaking to me in Hindi to grab some of their stock and start putting them on shelves. I told the customers I don't work there and they were angry at me like I was just refusing to help, and the member of staff laughed and said ok.","With the two customers I felt indifferent as I have done nothing wrong and I honestly didn't know where the asked products were, but with the member of staff I felt somewhat annoyed as he was speaking in a harsh tone and yet laughed it off and didn't apologise.",4.5,3.71428571428571,3.2,2.125,4.4,3.2,2.4
"182",4,5,4,5,3,4,3,5,5,5,4,5,4,6,5,5,4,3,4,5,4,5,4,2,3,4,3,4,5,4,4,6,6,6,7,6,2,6,2,6,6,4,4,3,4,5,"Man",26,"Asian","Undergraduate Degree (BSc/BA)","no","feel like theyve been misrepresented by the others. and they must feel a bit condfused,",5,4.42857142857143,4.2,3.75,4,5.3,4
"183",7,7,7,7,7,4,4,4,4,4,4,4,5,5,5,5,1,1,3,7,5,1,1,1,1,5,7,5,7,1,5,6,7,6,6,7,7,6,7,7,6,5,5,5,5,5,"Man",21,"Asian","A-level's or Equivalent","no","I would feel like an outsider and my self esteem would be crushed.",5,4,7,2,5,6.5,5
"184",7,7,7,7,7,1,3,1,1,1,1,1,4,4,4,4,2,1,6,7,1,1,1,2,1,4,6,3,7,1,2,7,7,7,6,7,7,6,7,7,7,5,5,5,5,5,"Woman",51,"Black","A-level's or Equivalent","No","I have not experienced that yet however i will not apologise for the way i look or don't fit in a group of people. I know who i am and i know my worth",4,1.28571428571429,7,2.625,4.2,6.8,5
"185",5,7,6,6,6,7,7,7,7,7,7,7,7,7,7,7,1,1,7,7,4,1,1,1,1,6,7,6,6,2,2,7,7,7,7,7,7,7,2,7,6,5,5,5,5,5,"Woman",24,"Asian","Undergraduate Degree (BSc/BA)","Yes, people ask if I'm half asian and half black because of my facial features and my curly hair when I'm fully Indian","Not offended, I often wonder myself in the way me and my family members look and want to take a DNA test!",7,7,6,2.5,5.4,6.4,5
"186",7,7,7,6,6,6,5,7,5,4,7,4,7,3,6,2,2,2,6,5,2,3,1,2,3,4,3,5,5,3,3,1,2,7,2,2,2,2,2,1,2,3,3,2,2,4,"Man",23,"Black","Undergraduate Degree (BSc/BA)","no","I wouldn't be too surprised as im from an area high in african people and i am dark enough to be mistaken for them,",4.5,5.42857142857143,6.6,3,4,2.3,2.8
"187",5,5,5,5,5,2,4,3,3,3,2,2,2,4,4,3,2,1,5,5,5,2,2,2,3,4,4,3,2,4,2,2,2,7,7,6,2,7,2,2,6,3,3,2,3,4,"Woman",39,"Black","A-level's or Equivalent","No","No",3.25,2.71428571428571,5,2.75,3.4,4.3,3
"188",5,5,5,5,5,1,1,2,2,4,1,2,6,6,6,6,2,2,3,4,4,2,4,2,1,4,4,4,6,2,1,6,6,6,6,6,7,6,2,6,6,4,4,3,2,2,"Woman",31,"Asian","Undergraduate Degree (BSc/BA)","No","Upset and unfair",6,1.85714285714286,5,2.5,4,5.7,3
"189",6,6,6,6,5,4,4,5,3,5,5,4,6,6,6,6,2,3,6,6,2,2,1,2,2,5,6,5,6,3,5,6,7,6,6,6,7,6,6,7,6,5,5,5,5,4,"Woman",60,"Asian","Undergraduate Degree (BSc/BA)","No","Alienated, embarrassed, hurt, upset",6,4.28571428571429,5.8,3,5,6.3,4.8
"190",7,7,7,7,6,1,1,1,1,1,1,1,1,1,1,1,1,1,1,2,6,1,1,1,1,1,1,1,1,2,1,7,7,7,7,7,7,7,2,7,6,5,4,5,3,5,"Woman",45,"Black","Postgraduate Degree (Masters, Doctorate)","AT work they could not tell who was the boss me or my intern","Used to it. And more fool them",1,1,6.8,1.125,1.2,6.4,4.4
"191",6,5,4,2,4,3,2,3,4,2,3,1,7,5,4,4,2,1,4,5,4,2,1,1,1,3,4,2,4,6,3,6,2,6,7,6,6,6,2,6,6,4,3,4,4,2,"Man",23,"Asian","Undergraduate Degree (BSc/BA)","Plenty of times have white British people shouted racial slurs saying that my family and I do not belong in this country or that we are terrorists just because of the colour of my skin. On top of this I have been mistook for multiple other ethnicities such as Indian or Arab. I have experienced this everywhere however the north and south of Britain tend to be worse..","The only word is Angry, i was born here and am a British national and to be told i do not belong is very heart-breaking.",5,2.57142857142857,4.2,2.125,3.8,5.3,3.4
"192",6,5,6,5,5,5,5,5,4,5,5,5,6,6,6,6,4,2,5,5,4,1,2,1,1,5,5,5,5,3,5,6,7,6,6,7,7,7,6,7,6,4,5,4,4,4,"Man",36,"Asian","A-level's or Equivalent","No","I would feel awkward as it will be difficult to ascertain what the persons motive is. Does the person have malicious intent or are they just making conversation.",6,4.85714285714286,5.4,2.625,4.6,6.5,4.2
"193",7,7,7,7,7,5,5,1,4,5,5,5,1,1,1,1,1,1,2,5,5,1,1,1,1,6,3,3,2,1,3,2,1,6,6,2,2,2,1,2,2,2,2,1,2,2,"Woman",27,"Black","Undergraduate Degree (BSc/BA)","No","I would feel gutted and upset that a person would invalidate me in such a way",1,4.28571428571429,7,1.625,3,2.6,1.8
"194",2,2,2,2,4,3,3,2,2,3,3,2,6,6,6,6,5,3,5,5,5,5,5,2,3,6,3,5,3,5,4,1,1,6,7,1,1,2,1,1,7,4,4,4,4,4,"Woman",22,"Asian","Undergraduate Degree (BSc/BA)","no","it wouldn't matter to me at all",6,2.57142857142857,2.4,4.125,4.4,2.8,4
"195",6,6,7,6,5,3,5,6,3,5,6,6,5,4,5,4,2,1,3,4,6,2,1,2,2,5,3,5,3,2,3,6,7,6,6,6,6,7,6,6,6,4,3,2,2,3,"Woman",48,"Black","A-level's or Equivalent","A colleague at work thought i was from Ghana in Africa. People  i meet who are from Ghana tend to assume i am from there","I feel ok about this. I can understand why i am mistaken for Ghanaian as i have similar facial features",4.5,4.85714285714286,6,2.125,3.6,6.2,2.8
"196",6,7,6,7,6,5,5,4,5,5,4,4,6,3,4,2,1,2,2,1,1,1,1,1,2,3,4,2,6,2,1,6,6,7,6,7,6,7,2,7,6,4,4,4,4,5,"Woman",33,"Black","Undergraduate Degree (BSc/BA)","I went for my annual health assessment and the receptionist noted me down as African rather than checking my ethnicity which I found presumptuous and rude","I felt she was rude, ignorant and presumptuous",3.75,4.57142857142857,6.4,1.375,3.4,6,4.2
"197",7,6,7,7,6,1,2,1,1,5,1,5,2,6,5,5,1,1,5,6,5,2,1,1,1,6,7,5,6,2,3,6,2,6,6,6,1,6,1,6,6,4,3,4,3,2,"Woman",21,"Asian","A-level's or Equivalent","no","I would feel distressed, angry because how dare they assume my ethnicity or question where I belong.",4.5,2.28571428571429,6.6,2.25,5.2,4.6,3.2
"198",7,6,6,6,5,6,5,6,5,6,6,5,7,5,6,6,1,1,4,4,6,3,2,1,1,3,2,4,3,3,2,2,6,6,2,2,2,6,2,6,2,2,3,2,3,2,"Woman",50,"Black","A-level's or Equivalent","Yes.  At work I was mistaken for the only other black woman in the company even though we look nothing alike and she had much lighter skin.","I was reminded that in a globally known London based company, I was a definite minority in a city that had never made me feel that way previously",6,5.57142857142857,6,2.125,3,3.6,2.4
"199",4,4,4,6,6,2,3,5,2,2,3,2,6,4,4,5,2,2,4,4,2,1,1,1,1,4,4,3,4,4,2,2,2,2,2,2,2,2,1,6,2,3,3,3,2,4,"Man",36,"Asian","Postgraduate Degree (Masters, Doctorate)","I was told I was not English as I was not white. I should call myself Indian. This was from someone who was in my extended group of friends so I was surprised to hear this.","It made me question my identity with UK society. I had never really felt like an outsider till then. Since the experience even though I consider myself English, I've been keenly aware that I'm not actually English in the eyes of some people.",4.75,2.71428571428571,4.8,2,3.8,2.3,3
"200",6,5,7,5,7,6,5,5,5,4,5,3,6,5,6,3,1,2,3,2,5,1,1,3,2,5,7,5,7,1,3,7,7,6,6,7,6,6,7,7,7,4,5,2,3,4,"Woman",21,"Black","A-level's or Equivalent","no","i would feel offended and discriminated against",5,4.71428571428571,6,1.875,5,6.6,3.6
"201",6,6,7,7,6,5,5,5,6,5,6,5,6,4,5,5,1,1,3,3,6,1,1,1,1,2,3,1,2,1,4,6,6,7,7,7,7,6,2,6,6,5,5,5,4,4,"Woman",21,"Black","Undergraduate Degree (BSc/BA)","Yes I guess. When people ask where Im from and I say the UK. Some of them respond by saying ""where are you really from?"" I was born here and lived here my whole life.","Reminds me that I will always be the ""other.""",5,5.28571428571429,6.4,1.5,1.8,6,4.6
"202",6,5,7,5,5,3,3,3,3,3,5,3,5,4,5,4,3,3,3,3,5,1,2,1,1,3,4,3,3,3,5,7,7,7,7,6,7,6,2,7,6,3,5,5,5,3,"Woman",19,"Asian","A-level's or Equivalent","No","I would feel slightly confused and offended.",4.5,3.28571428571429,5.6,2.125,3.2,6.2,4.2
"203",6,6,5,6,5,3,3,3,4,2,3,2,5,4,6,4,3,3,2,2,7,4,6,4,5,4,4,4,2,3,3,1,6,6,6,2,2,6,1,2,1,2,2,2,1,2,"Man",31,"Asian","Undergraduate Degree (BSc/BA)","They asked if I listen to Bangra I said no. they treated me like I wasn't really Asian","pretty ignorant",4.75,2.85714285714286,5.6,3.625,3.4,3.3,1.8
"204",6,2,3,1,6,2,6,2,6,2,2,2,6,2,6,2,6,1,6,6,2,1,2,2,2,6,6,6,6,2,1,2,2,2,2,6,2,2,6,6,6,5,5,2,3,5,"Man",19,"Asian","A-level's or Equivalent","In school people thought I belonged to another ethnic group when I told them I don't some people didn't believe me","It made me feel happy and annoyed at the same time.",4,3.14285714285714,3.6,3.25,5.2,3.6,4
"205",3,4,6,3,4,4,4,4,4,4,4,4,5,5,5,5,5,2,5,4,5,6,6,3,3,6,2,5,3,3,2,2,6,6,2,6,2,2,2,2,NA,5,5,5,6,4,"Woman",19,"Asian","A-level's or Equivalent","No","N/A",5,4,4,4.25,3.8,NA,5
"206",7,7,7,6,6,7,5,6,5,6,5,6,6,4,5,6,4,1,6,5,7,2,1,1,1,5,4,5,4,3,2,6,1,6,6,1,2,6,2,6,6,2,2,2,5,2,"Man",29,"Asian","Undergraduate Degree (BSc/BA)","No","Maybe a bit offended depending on which ethnicity group they assumed I belonged to",5.25,5.71428571428571,6.6,2.625,4.2,4.2,2.6
"207",5,4,6,5,5,3,3,3,3,3,3,3,7,5,6,6,1,1,3,5,1,1,1,1,1,3,3,3,3,3,3,2,2,7,7,2,1,6,2,2,2,4,4,2,5,2,"Man",24,"Asian","Postgraduate Degree (Masters, Doctorate)","I remember during one summer at primary school, year 4. I've always been a high achiever at school ever since I was young. Pupils were segregated based on their academic achievements during test, as such I was placed in the highest set (class) on the top table, the rest of the students on this table were  white/English. I remember having a particular discussion, unprovoked; a boy named Sam turned to me and said your skin is brown like poo. It was the first time I really felt different from others, I didn't kinow how to respond and began to cry. When the teacher asked what had happened I couldn't get myself to tell her, I knew that what he said was wrong but she (the teacher) was also white like him. I also knew that what he had said wasn't inaccurate, poo is brown, as am I, albeit a different shade. This idea would stick with me for a number of years and cause me to have an existential crisis in my mid teens. I'm also bengali, more often than not I am called a Pakistani.","It was the first time I really felt different from others, I didn't kinow how to respond and began to cry. When the teacher asked what had happened I couldn't get myself to tell her, I knew that what he said was wrong but she (the teacher) was also white like him. I also knew that what he had said wasn't inaccurate, poo is brown, as am I, albeit a different shade. This idea would stick with me for a number of years and cause me to have an existential crisis in my mid teens. Being regarded as different all my life has led me to feeling desensitised. I know that I am different. But I'm too british to be bengali and too bengali to be british, so wherever I go, no label will accurately represent who I truly am - somewhere inbetween.",6,3,5,1.75,3,3.3,3.4
"208",7,7,7,7,6,6,6,2,6,6,2,6,6,7,6,6,2,2,7,1,2,4,2,2,2,6,6,6,7,2,4,6,1,7,7,7,7,7,6,2,7,4,5,4,5,5,"Woman",52,"Black","Undergraduate Degree (BSc/BA)","No","Im fortunate ive not experienced the above. But if per adventure i should go through that experience t will demoralised me and make me feel very uncomfortable.",6.25,4.85714285714286,6.8,2.75,5.4,5.7,4.6
"209",7,7,7,7,7,2,2,2,2,2,2,3,5,5,5,4,1,1,5,5,5,1,1,1,1,2,2,2,2,1,3,2,2,7,6,2,2,7,2,6,6,3,3,3,3,4,"Woman",26,"Black","Undergraduate Degree (BSc/BA)","Yes, people have assumed I'm Canadian but due to my accent, in multiple loctions and with people in and out of my ethnic group.","I didn't feel negative or positive. Just thought 'here we go again...'",4.75,2.14285714285714,7,2,1.8,4.2,3.2
"210",7,6,6,6,6,2,2,2,4,3,2,3,5,4,5,3,2,2,3,3,4,2,1,3,3,4,5,5,4,2,2,6,6,6,6,2,2,6,2,6,6,4,3,3,4,3,"Woman",23,"Black","Postgraduate Degree (Masters, Doctorate)","no","I would not be surprised. Its very common so when it happens I would be disappointed, maybe angry but definitely not surprised",4.25,2.57142857142857,6.2,2.375,4,4.8,3.4
"211",3,3,5,6,5,5,4,5,5,5,5,4,6,5,6,6,3,3,6,6,2,3,1,3,3,4,3,5,4,3,1,6,2,6,6,6,2,6,2,6,6,4,2,3,2,3,"Woman",29,"Asian","Postgraduate Degree (Masters, Doctorate)","Yes, people confuse me with a close ethnic group many times, mainly because of my name. Also without asking my name I have been mistaken for other ethnic identities. These both happen often","I feel okay, as I am used to getting those questions / being mistaken.",5.75,4.71428571428571,4.4,3.5,3.8,4.8,2.8
"212",6,5,7,5,6,5,3,3,3,3,5,3,5,1,4,2,1,2,5,5,1,1,1,1,1,3,2,3,3,2,1,6,2,6,6,6,6,7,2,7,6,3,3,3,3,3,"Woman",37,"Black","Undergraduate Degree (BSc/BA)","No","I think it would depend on the undertone of the experience. For example if someone assume I did a less profession job because I�m black. I would be upset and angry",3,3.57142857142857,5.8,2.125,2.6,5.4,3
"213",7,7,7,7,5,5,5,4,4,5,5,5,7,7,7,7,5,2,5,5,5,5,5,2,2,6,4,5,2,4,1,6,2,7,6,2,6,6,2,6,7,5,5,5,5,5,"Woman",19,"Black","Undergraduate Degree (BSc/BA)","No","I wouldn�t feel any way I would just correct them of my ethnicity",7,4.71428571428571,6.6,3.875,4.2,5,5
"214",7,6,7,6,6,3,3,5,3,3,4,3,6,4,4,4,1,1,2,1,3,1,7,1,1,2,3,1,6,2,3,6,2,6,6,2,2,6,2,7,2,3,2,4,4,3,"Woman",22,"Black","Undergraduate Degree (BSc/BA)","Well sometimes people tell me I don't know the things black people should know, so my blackness has been questioned occasionally","It makes me feel annoyed, especially since the person wasn't black and hasn't had my experience in life",4.5,3.42857142857143,6.4,1.875,2.8,4.1,3.2
"215",2,5,5,5,3,3,3,3,4,4,5,5,6,5,5,5,7,1,4,4,6,1,1,1,1,3,4,3,4,5,4,2,1,2,1,1,1,1,1,2,2,2,4,2,1,2,"Man",39,"Black","A-level's or Equivalent","No","I'd feel humiliated",5.25,3.85714285714286,4,2.5,3.8,1.4,2.2
"216",7,6,7,7,7,3,1,3,3,3,3,2,7,7,6,5,2,2,2,2,3,2,2,2,1,4,4,1,4,1,2,7,6,7,2,6,6,7,2,7,6,3,2,2,4,3,"Woman",37,"Asian","Undergraduate Degree (BSc/BA)","No","Not sure",6.25,2.57142857142857,6.8,1.875,2.8,5.6,2.8
"217",3,4,4,4,3,5,4,4,5,4,5,4,5,4,5,4,1,3,3,3,2,2,1,1,1,2,4,2,2,4,1,6,7,6,6,6,6,6,6,7,6,5,5,4,3,5,"Woman",31,"Black","Undergraduate Degree (BSc/BA)","No","Depends on the situation, and what type of group they thought I didn't belong to and the group the other person belongs to. It would probable feel worse if it comes from someone who is part of that same group, as you would expect the, to know feel, and have more compassion and understanding of your situation",4.5,4.42857142857143,3.6,1.875,2.8,6.2,4.4
"218",5,4,6,6,3,4,3,3,4,3,5,3,6,5,6,6,1,2,3,4,5,2,1,1,1,4,3,4,2,2,3,6,7,7,7,7,7,7,2,7,6,1,2,2,3,3,"Man",37,"Black","Postgraduate Degree (Masters, Doctorate)","No","I'd be devastated, I have friends that have gone through these and ended up depressed which made me sad",5.75,3.57142857142857,4.8,1.875,3,6.3,2.2
"219",3,4,5,2,3,6,5,6,6,5,6,5,6,6,6,5,2,2,6,6,2,3,1,2,1,2,4,3,4,4,5,1,1,6,2,1,1,2,1,1,1,2,3,1,2,2,"Man",37,"Asian","A-level's or Equivalent","I have on many occasions in my life been mistaken for a muslim because of my skin colour.","As my skin colour is the same as many asian ethnicities, i rarely felt offended, i perhaps just judged the persons as ignorant. However at times i would be offended, in such circumstances as repeat ignorance by the same persons or when being used as racist insults.",5.75,5.57142857142857,3.4,2.875,3.4,1.7,2
"220",7,6,7,7,5,4,4,4,4,4,5,4,3,3,3,2,2,1,3,6,6,2,1,1,1,2,3,3,2,3,3,6,7,7,7,7,7,7,6,7,6,4,4,4,4,4,"Woman",39,"Black","Undergraduate Degree (BSc/BA)","no","I would feel upset as I identify as black",2.75,4.14285714285714,6.4,2.125,2.6,6.7,4
"221",6,6,6,6,6,5,3,3,5,5,5,3,6,6,5,5,2,2,6,6,2,2,1,2,2,6,6,5,6,2,4,6,6,6,6,6,2,6,2,6,6,4,4,3,4,4,"Man",32,"Asian","Undergraduate Degree (BSc/BA)","At work, i was asked if i was a muslim as i had been growing my facial hair. I was asked this by my manager","Offended",5.5,4.14285714285714,6,2.875,5,5.2,3.8
"222",6,6,6,6,5,4,4,4,4,4,4,4,6,6,6,6,4,2,5,5,4,3,4,2,2,4,4,4,4,4,3,6,6,6,6,2,6,6,2,6,7,5,5,5,5,5,"Man",52,"Asian","GCSE's or Equivalent","no","I would feel unsure about myself",6,4,5.8,3.375,4,5.3,5
"223",5,4,5,6,4,4,4,4,3,5,4,5,4,4,4,3,5,5,4,4,3,5,3,3,3,4,5,5,3,4,1,2,2,6,2,1,6,6,1,2,7,4,3,2,3,3,"Man",35,"Asian","Postgraduate Degree (Masters, Doctorate)","no","awful",3.75,4.14285714285714,4.8,4,4.2,3.5,3
"224",7,7,7,7,6,5,5,5,5,5,6,4,5,4,4,5,2,1,3,4,5,1,1,1,1,4,3,4,4,1,3,7,7,7,7,7,7,7,7,7,7,5,6,5,5,5,"Man",53,"Black","GCSE's or Equivalent","no","I would feel like people think in my ethnic goup we all look alike !",4.5,5,6.8,1.75,3.2,7,5.2
"225",6,6,6,7,7,2,2,1,2,3,1,1,5,3,4,5,2,1,3,5,6,1,1,1,1,4,5,5,5,2,2,6,6,6,7,6,2,6,1,6,6,4,3,4,4,4,"Man",19,"Asian","A-level's or Equivalent","When i was in School people always would just call me Indian when I am actually Sri Lankan Tamil","It made me feel like my ethnic group was irrelevant and shouldnt be part of my identity",4.25,1.71428571428571,6.4,1.875,4.2,5.2,3.8
"226",7,7,7,7,6,2,7,1,2,2,2,3,1,1,3,2,2,1,4,4,2,1,1,1,1,3,2,2,2,1,4,2,1,6,2,2,2,2,1,2,1,4,3,3,3,6,"Woman",21,"Black","A-level's or Equivalent","no","if I were to have experienced it, I would have probably felt alienated from my group or that I wasn't good enough/didn't embody enough of the qualities that said group represented.",1.75,2.71428571428571,6.8,1.875,2,2.1,3.8
"227",7,6,7,6,3,5,6,1,3,5,2,4,5,6,6,6,1,1,4,4,4,1,1,1,1,4,2,4,3,5,2,6,7,7,7,7,7,7,2,7,6,4,4,4,3,3,"Woman",40,"Black","Postgraduate Degree (Masters, Doctorate)","No","I would feel devalued.",5.75,3.71428571428571,5.8,1.75,3.6,6.3,3.6
"228",7,7,7,7,7,1,1,2,4,2,3,1,4,1,4,4,1,1,1,4,4,1,4,4,1,3,4,1,5,1,7,6,6,6,6,7,6,2,2,7,6,3,5,3,3,5,"Woman",18,"Asian","A-level's or Equivalent","No","No",3.25,2,7,2.125,2.8,5.4,3.8
"229",6,6,6,7,7,2,2,1,2,2,2,2,4,2,2,1,1,3,3,3,6,1,1,1,2,2,3,3,2,2,1,2,2,7,7,1,2,6,2,2,6,3,4,2,3,5,"Woman",19,"Black","A-level's or Equivalent","no","offended that the other person doesn't believe what i am saying",2.25,1.85714285714286,6.4,1.875,2.4,3.7,3.4
"230",5,7,6,4,6,4,6,3,6,4,5,5,7,4,6,7,1,1,4,4,3,1,1,1,1,4,4,3,3,4,2,2,2,7,6,2,2,2,1,2,7,5,4,4,5,6,"Woman",18,"Black","A-level's or Equivalent","No","Confused",6,4.71428571428571,5.6,1.75,3.6,3.3,4.8
"231",7,7,7,5,1,5,5,5,4,5,4,6,6,4,6,5,2,2,6,5,5,2,1,1,2,4,4,5,5,7,4,6,2,6,2,6,2,6,1,6,6,5,4,5,2,4,"Man",20,"Black","A-level's or Equivalent","No","I would fell that I'm not wanted and that in out of place",5.25,4.85714285714286,5.4,2.625,5,4.3,4
"232",6,6,6,6,6,5,5,6,5,5,6,6,5,5,5,5,6,2,5,6,5,5,1,3,4,5,3,4,3,5,3,6,2,6,6,6,2,6,6,2,2,3,3,3,4,3,"Woman",22,"Mixed","A-level's or Equivalent","When people approach me they often ask my ethnicity, perhaps I look racially ambigious.","I didn't have any feelings about it.",5,5.42857142857143,6,4,4,4.4,3.2
"233",5,5,4,4,6,2,2,3,2,3,4,3,6,4,5,5,1,1,1,7,7,1,1,1,1,2,2,2,2,2,3,2,2,2,2,2,2,6,6,2,2,3,3,2,2,3,"Woman",24,"Asian","Undergraduate Degree (BSc/BA)","no","I would feel embarrassed and offended",5,2.71428571428571,4.8,1.75,2,2.8,2.6
"234",6,6,6,6,3,4,5,4,4,6,4,4,6,6,6,5,2,2,5,5,4,3,3,2,2,4,3,4,3,3,1,6,7,7,7,7,7,6,2,7,6,4,3,4,4,3,"Woman",40,"Black","Postgraduate Degree (Masters, Doctorate)","No","Not Applicable",5.75,4.42857142857143,5.4,3,3.4,6.2,3.6
"235",7,4,7,7,7,7,7,7,7,7,7,7,7,7,7,7,1,7,7,7,1,1,1,1,1,7,7,7,6,1,7,7,7,7,7,7,7,7,7,7,7,6,6,6,6,6,"Man",18,"Asian","A-level's or Equivalent","On different occasions, people think that I am from a different ethnic group.","It didn�t make me feel a certain way, only confused as to why people generalise and not ask instead.",7,7,6.4,3.25,5.6,7,6
"236",6,6,7,7,7,1,2,1,2,3,3,2,5,5,6,5,1,2,5,5,6,1,1,1,1,3,3,4,3,2,6,7,7,7,7,7,7,7,6,7,7,5,5,5,5,5,"Man",33,"Asian","Undergraduate Degree (BSc/BA)","I have been mistaken to be a Spaniard, Mexican and Italian in the past. I believe when I revealed that I wasn't anyone of those and I was British of Pakistani descent, people looked at me differently.","You feel like you are being treated and judged solely on the basis on your identity and not your actual worth on merit as a human.",5.25,2,6.6,2.125,3,6.9,5
"237",5,5,5,4,5,4,4,5,5,4,5,4,6,5,6,4,3,5,5,6,3,1,1,1,1,4,5,4,4,3,4,6,2,6,6,6,2,6,6,6,6,4,4,3,5,5,"Man",30,"Asian","GCSE's or Equivalent","Sometimes people think I am Pakistani or Indian.","Don�t mind.",5.25,4.42857142857143,4.8,2.875,4,5.2,4.2
"238",7,7,7,7,2,3,2,5,2,1,6,2,6,3,2,2,1,2,3,7,1,1,1,1,1,5,6,3,5,3,3,7,2,7,7,7,2,6,7,7,7,4,5,4,2,3,"Man",19,"Asian","A-level's or Equivalent","Many times, in racist situations where I've been called derogatory terms describing muslims, even though I am not a muslim. Sums up their ignorance.","I'm not bothered by it since it mostly stems from uneducated individuals but it still isn't right or acceptable.",3.25,3,6,2.125,4.4,5.9,3.6
"239",7,6,6,7,6,1,1,1,1,1,1,1,1,1,1,1,2,1,5,4,5,1,1,2,1,4,5,3,4,1,1,2,1,2,2,2,1,2,2,2,1,1,1,1,1,2,"Woman",23,"Asian","Undergraduate Degree (BSc/BA)","No","I would feel annoyed",1,1,6.4,2.125,3.4,1.7,1.2
"240",6,6,6,6,7,5,5,5,6,6,6,6,7,7,7,7,1,1,3,3,6,1,1,1,1,4,3,5,5,1,4,1,1,6,6,2,2,1,1,1,1,3,3,2,2,1,"Man",40,"Asian","Postgraduate Degree (Masters, Doctorate)","no","I would be devastated if I had to come across an experience of mistaken identity.",7,5.57142857142857,6.2,1.5,3.6,2.2,2.2
"241",7,7,7,7,7,1,1,1,1,1,1,1,3,2,3,2,1,1,1,1,6,1,1,1,1,3,5,2,4,1,2,6,2,6,6,6,2,2,1,6,2,4,2,2,3,3,"Woman",32,"Asian","Undergraduate Degree (BSc/BA)","I have often been confused for other people if the same skin colour as myself at work, as if we are all interchangeable","It made me feel as though being an ethnic minority especially in a work place does not demand the same respect as being white",2.5,1,7,1,3,3.9,2.8
"242",7,7,7,6,6,2,5,2,2,3,2,3,5,5,5,6,1,1,2,5,6,1,1,1,1,6,6,2,6,2,1,6,7,7,7,6,7,7,6,7,6,5,5,5,5,5,"Woman",42,"Black","Postgraduate Degree (Masters, Doctorate)","no","i would feel sad that an incident like that happened",5.25,2.71428571428571,6.6,1.625,4.4,6.6,5
"243",6,6,5,5,3,4,4,4,4,4,4,4,4,5,4,4,4,4,4,4,4,4,3,4,4,4,4,4,4,4,1,7,7,7,7,7,7,6,7,7,6,5,4,5,4,3,"Man",21,"Black","Postgraduate Degree (Masters, Doctorate)","No","really bad",4.25,4,5,3.875,4,6.8,4.2
"244",5,4,4,5,4,2,4,4,4,3,4,4,5,5,5,3,6,6,7,7,1,6,2,4,6,4,4,4,4,2,6,6,2,6,6,2,2,6,6,6,6,4,5,4,5,5,"Man",50,"White","Undergraduate Degree (BSc/BA)","no","no",4.5,3.57142857142857,4.4,5.5,3.6,4.8,4.6
"245",7,7,7,7,7,7,7,7,7,7,7,7,2,2,5,2,1,7,1,1,1,1,1,1,1,2,1,1,1,1,1,6,7,7,7,7,7,7,7,1,7,3,4,2,2,2,"Man",24,"Black","Postgraduate Degree (Masters, Doctorate)","NO","I wouldn't feel anything from the experience and would use the situation to explain as well as I can to the ignorant individual how such perceptions of individuals based on ""how they look"" can lead to prejudice and enacted as discrimination.",2.75,7,7,1.75,1.2,6.3,2.6
"246",5,6,6,6,2,6,3,5,5,4,6,5,6,3,3,3,6,1,4,6,1,1,6,1,3,6,2,6,2,6,1,7,7,2,7,7,6,7,2,7,7,5,5,5,5,5,"Woman",24,"Asian","Postgraduate Degree (Masters, Doctorate)","always mistaken for chinese","like people are not educated",3.75,4.85714285714286,5,3.5,4.4,5.9,5
"247",6,5,7,5,5,6,4,6,6,6,6,6,6,6,6,6,5,3,5,4,4,3,1,3,3,5,5,4,4,3,3,7,7,6,7,7,7,7,7,7,6,4,4,4,4,4,"Woman",29,"Mixed","Undergraduate Degree (BSc/BA)","No","Heart broken",6,5.71428571428571,5.6,3.375,4.2,6.8,4
"248",7,6,7,7,7,3,1,3,1,3,3,3,5,4,4,2,5,1,2,5,2,1,1,1,1,5,6,5,3,1,1,2,2,7,6,6,2,6,2,6,2,2,2,2,2,2,"Woman",21,"Asian","Undergraduate Degree (BSc/BA)","No","Probably violated",3.75,2.42857142857143,6.8,2.125,4,4.1,2
"249",6,6,6,6,6,4,4,4,3,2,2,3,5,2,4,3,2,2,4,2,6,2,2,2,1,6,3,6,3,2,3,6,6,6,6,2,6,6,2,7,6,5,4,3,3,5,"Woman",32,"Asian","GCSE's or Equivalent","No","I don�t mind it�s an easy mistake to make",3.5,3.14285714285714,6,2.125,4,5.3,4
"250",4,2,4,2,2,3,5,5,5,3,5,3,6,6,7,3,2,2,5,6,5,1,1,2,1,2,3,5,3,7,4,6,2,6,6,6,2,6,1,6,6,4,2,4,4,3,"Woman",18,"Asian","A-level's or Equivalent","A new acquaintance presumed I was Arab and could speak Arabic although I couldn't. She made a joke that I didn't understand and then asked me about  my ethnicity. It was a simpler misuderstanding and not impolite at all.","A little confused as most people can easily tell my ethnicity.",5.5,4.14285714285714,2.8,2.5,4,4.7,3.4
"251",6,6,6,6,6,5,5,5,6,4,6,5,6,4,4,4,3,2,3,4,5,2,2,2,2,3,4,4,3,2,2,6,6,6,6,6,2,7,6,6,6,5,4,4,4,4,"Woman",32,"Black","Postgraduate Degree (Masters, Doctorate)","No","I would feel irritable and slightly upset.",4.5,5.14285714285714,6,2.5,3.2,5.7,4.2
"252",7,6,7,6,6,6,6,6,6,4,6,6,6,4,4,4,2,2,3,2,5,3,2,2,1,6,6,7,7,2,2,6,1,6,2,6,1,6,1,6,2,3,3,3,2,2,"Woman",19,"Asian","A-level's or Equivalent","yes, since i am a very fare Bengali people often mistake me for being Pakistani since stereotypically Bengalis have a darker skin colour","It doesn't always make me feel good since there was a huge war between bangladesh and pakistan and they didn't treat us very nicely and they still belittle us to this day.",4.5,5.71428571428571,6.4,2.125,5.6,3.7,2.6
"253",6,6,6,6,6,2,4,5,5,3,4,3,5,3,3,2,4,2,4,4,4,2,4,2,2,5,4,4,5,3,2,6,2,6,6,6,1,6,6,2,6,4,3,3,3,3,"Woman",27,"Black","Undergraduate Degree (BSc/BA)","no","I would feel angry and ashamed",3.25,3.71428571428571,6,3,4.2,4.7,3.2
"254",6,4,7,5,3,5,5,3,2,5,4,6,5,3,5,5,1,1,5,6,7,1,1,1,1,1,2,1,2,4,1,7,7,7,7,7,7,7,7,7,7,5,5,5,3,4,"Man",19,"Black","A-level's or Equivalent","yes - im black and attended a private school on a 100% bursary. A lot of the time I felt like an outsider due to the socioeconomic differences.","alone, different",4.5,4.28571428571429,5,2.125,2,7,4.4
"255",6,6,6,7,6,4,4,5,5,5,4,5,3,2,3,4,2,3,5,5,6,3,1,2,1,3,3,5,3,2,4,2,2,7,7,6,2,7,2,2,6,3,1,2,1,2,"Man",20,"Asian","A-level's or Equivalent","No","Depending on the tone of voice, I'd feel offended if they seemed like they were dismissive of my actual ethnic group. Or assumed with malice. If it was just curiosity/mistake and they took it well when I corrected them I wouldn't be bothered.",3,4.57142857142857,6.2,2.75,3.2,4.3,1.8
"256",7,7,6,7,7,5,5,5,4,6,5,5,5,5,5,5,2,2,6,5,2,2,2,2,2,5,6,5,6,1,3,6,2,6,6,2,6,6,6,6,6,5,5,5,4,5,"Woman",22,"Asian","A-level's or Equivalent","no","I would not take it to heart as it can just be a mistake.",5,5,6.8,2.875,4.6,5.2,4.8
"257",7,6,6,6,4,3,4,3,2,4,3,4,5,4,5,5,2,1,2,4,5,1,4,4,1,4,4,4,7,2,2,6,7,7,7,6,6,6,1,6,7,3,3,3,3,3,"Man",28,"Asian","Postgraduate Degree (Masters, Doctorate)","No","No",4.75,3.28571428571429,5.8,2.375,4.2,5.9,3
"258",6,5,5,5,6,5,6,5,5,6,5,5,6,5,6,3,1,2,6,5,1,1,1,1,1,6,4,6,6,2,5,7,2,7,6,6,2,7,2,6,6,4,5,4,4,4,"Man",19,"Asian","A-level's or Equivalent","During high school, I remember a couple experiences where friends would confuse Hinduism with Islam e.g. when talking about dietary requirements or traditions","Their discussions were never harmful so I wasn't unsettled, I could just use it as an opportunity to discuss with them. It was understandable given that there were relatively few ethnic minorities in the area I grew up",5,5.28571428571429,5.4,2.25,4.8,5.1,4.2
"259",6,5,7,7,6,4,2,5,5,2,5,3,5,4,5,4,3,3,3,2,5,1,4,2,1,5,3,3,3,2,1,6,7,7,6,6,6,7,2,6,6,3,3,3,2,4,"Woman",35,"Black","Undergraduate Degree (BSc/BA)","No","I would feel out of place",4.5,3.71428571428571,6.2,2.375,3.2,5.9,3
"260",7,7,7,7,5,5,5,5,5,3,5,3,6,5,5,5,1,2,6,5,4,2,4,3,3,2,3,2,2,3,1,6,6,7,6,6,6,6,6,7,6,2,2,2,2,2,"Woman",48,"Black","A-level's or Equivalent","Yes, I have been mistaken for being from a different Caribbean island from where my family are from.  I think sometimes people only know the larger islands rather than the smaller ones.  This shows a lack of knowledge of the islands and our culture.","Thinking about it now, it annoys me but back then I don't think it did.",5.25,4.42857142857143,6.6,3.25,2.4,6.2,2
"261",6,5,5,6,5,3,4,5,4,1,5,1,4,7,7,2,1,1,5,5,2,1,1,1,1,5,4,7,7,7,6,2,2,6,6,2,1,6,2,6,2,3,2,2,2,4,"Man",19,"Asian","A-level's or Equivalent","Yes, I am Pakistani but people often mistake me for being arab or persian and also indian.","I felt completely fine, I have pale skin and hazel/green eyes so I understand that people may mistake me for someone middle eastern. Pakistani and Indian people look very similar anyway so I don't mind being mistaken.",5,3.28571428571429,5.4,2,6,3.5,2.6
"262",6,6,6,7,6,3,6,5,6,3,5,3,5,2,6,5,1,1,2,4,6,1,1,1,1,3,3,3,4,2,3,7,7,7,2,6,7,7,2,7,7,5,3,3,2,3,"Woman",36,"Black","Postgraduate Degree (Masters, Doctorate)","On speaking to a man at a bus stop, he asked me where i was from and i said south west london. He then said where are your parents from to which i said they were born in north west London. Clearly frustrsted he said 'you know what i mean'","Angry, annoyed, irritated",4.5,4.42857142857143,6.2,1.5,3,5.9,3.2
"263",6,7,6,7,4,6,5,5,6,5,5,6,7,6,6,7,1,1,6,6,5,1,1,1,1,5,6,6,6,4,2,2,1,6,6,2,1,7,1,2,2,2,3,3,2,5,"Man",37,"Asian","GCSE's or Equivalent","In Saudi Arabia, I was mistaken for being Arab, partly because of my appearance.","I was slightly confused but also flattered",6.5,5.42857142857143,6,2.25,5.4,3,3
"264",6,6,6,6,5,5,6,6,7,6,5,5,7,6,6,6,4,3,6,5,5,1,2,4,3,4,3,5,4,5,6,6,6,2,2,6,6,7,6,7,6,5,4,2,5,4,"Man",25,"Mixed","Undergraduate Degree (BSc/BA)","No","It would make me feel fine - people make mistakes and I wouldn�t blame someone for mistaking my ethnic group",6.25,5.71428571428571,5.8,3.5,4.2,5.4,4
"265",5,5,6,4,4,5,6,5,5,5,5,5,5,5,5,4,4,4,6,6,4,3,4,3,4,6,4,6,6,4,6,6,7,6,6,7,7,6,7,7,6,5,5,5,5,4,"Woman",35,"Black","Undergraduate Degree (BSc/BA)","no","I would be okay, then I would express how I feel.",4.75,5.14285714285714,4.8,4.25,5.2,6.5,4.8
"266",6,5,6,5,5,5,2,5,5,3,5,2,6,5,5,5,1,1,2,7,6,1,1,1,1,4,5,5,5,1,2,7,7,7,7,7,7,7,7,7,7,5,5,4,5,4,"Woman",18,"Black","A-level's or Equivalent","no","i would feel slightly offended that they are questioning my belonging to a certain group but i would try find out what made them question my belonging in the first place.",5.25,3.85714285714286,5.4,1.875,4,7,4.6
"267",6,5,6,5,5,3,3,3,4,4,4,4,4,4,4,4,3,2,4,5,4,3,2,2,2,6,5,5,6,3,3,2,6,6,6,6,2,6,2,6,6,3,2,4,2,2,"Woman",27,"Black","Undergraduate Degree (BSc/BA)","Yes","Annoyed",4,3.57142857142857,5.4,2.875,5,4.8,2.6
"268",3,3,4,5,4,3,5,4,4,3,4,3,5,3,5,3,5,5,5,3,4,3,5,5,5,4,3,6,5,2,3,2,6,6,2,7,2,2,2,6,2,4,4,4,3,5,"Man",27,"Asian","Undergraduate Degree (BSc/BA)","no","feel fine",4,3.71428571428571,3.8,4.5,4,3.7,4
"269",7,7,7,6,6,5,5,6,6,5,5,5,5,5,5,5,2,1,6,6,6,2,1,1,1,4,3,3,3,1,1,6,6,7,6,6,6,6,6,6,6,2,2,2,2,2,"Woman",34,"Black","Postgraduate Degree (Masters, Doctorate)","No","n/a",5,5.28571428571429,6.6,2.5,2.8,6.1,2
"270",7,7,6,7,6,3,3,3,5,3,5,3,5,4,5,4,2,1,3,7,4,1,1,1,2,4,5,5,5,2,2,7,6,6,7,7,2,7,2,7,7,5,5,5,5,5,"Woman",26,"Black","A-level's or Equivalent","No","I think I would feel hurt and would feel as if I need to double check my identity",4.5,3.57142857142857,6.6,2.25,4.2,5.8,5
"271",6,6,6,6,2,6,6,6,6,6,6,6,7,7,7,7,1,2,5,4,4,1,2,3,2,6,2,6,2,2,4,6,2,2,1,6,2,6,2,6,6,2,3,1,2,4,"Woman",68,"White","A-level's or Equivalent","No","Failure at times",7,6,5.2,2.5,3.6,3.9,2.4
"272",7,7,7,7,5,6,3,6,5,5,6,5,7,5,7,5,1,1,3,3,7,1,4,2,1,1,1,1,1,1,2,6,7,7,7,1,6,6,7,1,7,3,5,1,2,1,"Man",35,"Black","Undergraduate Degree (BSc/BA)","No","I would be quite annoyed as England is quite multicultural so people shouldn't jump to conclusions.",6,5.14285714285714,6.6,2,1,5.5,2.4
"273",6,6,7,7,7,3,2,2,3,3,2,2,5,2,5,5,1,1,2,5,1,1,1,1,1,4,2,3,3,1,4,7,6,7,7,7,6,7,7,7,7,4,4,4,5,5,"Woman",22,"Black","Postgraduate Degree (Masters, Doctorate)","I was often asked if I was in the right classroom while studying engineering at university","annoyed",4.25,2.42857142857143,6.6,1.625,2.6,6.8,4.4
"274",7,7,7,7,7,3,5,6,3,4,6,2,6,5,6,4,2,2,2,5,5,1,1,2,2,3,2,3,2,1,2,6,6,7,7,7,6,7,7,6,6,5,5,4,5,6,"Woman",63,"Black","Postgraduate Degree (Masters, Doctorate)","Usually, when I travel abroad, I am mistaken for an African-American and I travel a lot (before the pandemic) or if I go to European countries, I am mistaken for coming from a poor African country! Or people are surprised that I am educated or have money to travel or usually I am the only Black person there.","I feel that white people need a lot more education about Black history. They feel they are the only ones in this world. I also feel rather insulted.",5.25,4.14285714285714,7,2.125,2.2,6.5,5
"275",5,4,5,4,4,6,6,6,7,6,6,6,6,6,6,6,2,1,4,4,6,1,6,1,1,5,6,4,4,4,1,2,2,7,6,2,2,2,2,6,2,2,3,1,1,2,"Man",34,"Mixed","Undergraduate Degree (BSc/BA)","Been called a African monkey by a group of rich football fans who rented out a suite","Angry",6,6.14285714285714,4.4,2.5,4.6,3.3,1.8
"276",6,5,6,5,6,4,5,4,4,5,4,4,5,6,6,5,2,2,5,4,5,4,2,2,3,4,3,4,4,3,3,6,7,6,6,7,7,7,6,6,7,5,5,5,5,4,"Man",56,"Black","Undergraduate Degree (BSc/BA)","No","As a member of a group I'm aware of challenges that members of the group recount as being part of their experiences. I probably have a high level of tolerance for me not to acknowledge some of these experiences. I'll probably shrug it off unless such an incident could harm me physically or put my life in danger.",5.5,4.28571428571429,5.6,3,3.6,6.5,4.8
"277",5,5,4,2,4,1,2,1,1,4,1,2,1,1,1,1,1,1,1,3,7,1,1,1,1,1,1,1,1,5,1,2,7,6,7,6,6,7,2,6,6,2,3,1,1,2,"Woman",50,"Black","Undergraduate Degree (BSc/BA)","When I give the location of where I am from i.e the town in London where I was born and grew up, people always say ""no, where are you really from?"" or ""no, where are your parents from?""","I describe myself as British-born i.e. my Britishness is purely a matter of geographical location. As I have never been afforded a British identity due the responses above and it has been made clear to me that I cannot be where I am actually from, then I have neither, love, loyalty or allegiance to this country and in matters of nation vs nation I will always root for the other side. Overall, I feel that it is unbearable, toxic and a drain on my soul living here and I just want to leave and get away from this country. However, being a world modelled on white supremacy there is nowhere else to go. There is nowhere else to escape. That's how I feel now, after being on the end of that response for years.",1,1.71428571428571,4,1.25,1.8,5.5,1.8
"278",7,6,7,6,7,5,5,7,5,4,7,5,5,6,4,4,1,2,6,6,3,1,1,1,2,4,2,2,1,1,2,2,2,6,7,1,2,7,1,6,2,2,2,1,1,1,"Man",30,"Black","Undergraduate Degree (BSc/BA)","No","I would feel very angry if I got mistaken for a group that I was apart of but didn't ""look"" like i should be in this group.",4.75,5.42857142857143,6.6,2.5,2,3.6,1.4
"279",5,5,7,5,6,5,5,3,4,3,6,5,7,4,5,4,1,1,3,5,6,1,1,1,1,3,2,3,2,2,3,6,7,6,7,6,6,6,6,7,2,6,6,6,5,6,"Woman",31,"Black","Undergraduate Degree (BSc/BA)","Yea, whilst at work. People assume I�m not British due to the colour of my skin although I speak with a British accent","It makes me feel sad and infuriated with white British people due to their ignorance",5,4.42857142857143,5.6,1.75,2.4,5.9,5.8
"280",6,5,7,7,7,6,4,7,5,5,7,5,6,2,4,5,1,1,5,5,7,1,1,1,1,5,2,5,6,1,1,7,7,7,7,7,7,7,6,7,6,2,5,2,2,1,"Woman",50,"Black","A-level's or Equivalent","People assume I'm African because of my dark skin. My voice makes them question that though and they seem surprised when I tell them in Caribbean","No strong feelings, ignorance is what is expect. I am happy to clear things up of someone asks",4.25,5.57142857142857,6.4,2,3.8,6.8,2.4
"281",6,6,6,6,7,4,1,4,5,4,5,1,5,2,4,2,1,1,1,1,1,1,1,7,1,1,1,1,1,1,2,2,1,6,6,6,1,7,2,2,6,2,2,2,1,2,"Woman",27,"Black","Undergraduate Degree (BSc/BA)","no","I would feel terrible, people in my social group are look down upon on a regular basis",3.25,3.42857142857143,6.2,1.75,1,3.9,1.8
"282",7,7,7,7,6,3,5,3,3,4,4,4,4,3,4,4,1,1,1,5,1,1,1,1,1,4,4,3,3,2,3,6,2,6,6,6,2,6,2,6,2,2,3,2,2,2,"Woman",32,"Black","A-level's or Equivalent","No","If it did happen to me I'd be confused",3.75,3.71428571428571,6.8,1.5,3.2,4.4,2.2
"283",6,5,6,5,3,2,2,2,2,2,2,2,3,3,4,2,2,2,6,6,2,3,2,2,2,5,4,6,4,5,2,6,2,6,6,6,2,6,2,6,6,5,5,5,5,4,"Woman",19,"Black","A-level's or Equivalent","No","Slightly offended, confused",3,2,5,3.125,4.8,4.8,4.8
"284",7,7,7,7,7,2,3,2,2,2,2,2,6,4,5,5,2,2,6,7,1,6,1,1,1,1,1,2,1,1,1,7,7,6,7,7,2,7,7,7,7,4,4,2,3,4,"Woman",29,"Black","Undergraduate Degree (BSc/BA)","no","i think i would feel disrespected",5,2.14285714285714,7,3.25,1.2,6.4,3.4
"285",7,6,6,6,1,7,7,6,6,6,7,7,7,7,7,7,2,6,6,5,5,4,2,6,1,3,2,6,2,7,7,7,1,7,6,2,1,6,1,1,7,6,4,6,6,5,"Man",34,"Black","Postgraduate Degree (Masters, Doctorate)","no","i will be just mad",7,6.57142857142857,5.2,4,4,3.9,5.4
"286",6,5,6,6,6,6,5,4,5,5,6,5,5,6,5,6,2,2,6,6,5,3,2,2,2,5,5,5,3,3,1,7,1,7,7,7,7,6,2,7,7,5,4,4,4,5,"Man",38,"Black","Postgraduate Degree (Masters, Doctorate)","No","Terrible",5.5,5.14285714285714,5.8,3.125,4.2,5.8,4.4
"287",7,5,7,7,7,3,3,3,4,4,4,3,5,4,4,5,1,1,2,2,5,1,1,1,1,3,4,3,3,1,2,6,7,7,7,7,7,7,6,7,7,3,4,3,4,5,"Woman",52,"Black","Undergraduate Degree (BSc/BA)","Yes, I started a new job and a staff member asked me where I was and I told them London.  The staff then asked me again where were you born and further said where were your parents born.","I was extremely upset by this personal questions and I notified my manager",4.5,3.42857142857143,6.6,1.25,2.8,6.8,3.8
"288",7,7,7,7,7,1,1,2,4,3,2,1,2,1,5,1,1,1,4,5,7,2,1,3,2,1,1,1,1,1,1,6,2,7,7,6,1,7,1,6,6,4,4,4,2,3,"Man",26,"Black","Postgraduate Degree (Masters, Doctorate)","Yes, It was a quite a common occurrence in my younger days I'd be playing football and a particular ethnic group would let it be known that they didnt see ""my kind"" as part of their ""British"" group","Made me grow a greater attachment to my ethnic group",2.25,2,7,2.375,1,4.9,3.4
"289",7,7,7,7,7,7,6,7,7,5,7,4,7,7,7,7,1,1,5,5,4,1,1,1,1,3,4,3,4,1,5,7,7,7,7,7,7,7,7,7,7,5,5,5,5,5,"Man",23,"Black","Undergraduate Degree (BSc/BA)","a teacher assumed i was an international student because i am not white","it made me feel judged before i had the chance to even introduce myself",7,6.14285714285714,7,2,3,7,5
"290",7,6,7,6,6,3,3,5,4,4,5,4,5,5,6,5,1,1,4,5,6,1,1,1,1,3,3,4,4,1,4,6,2,7,7,7,7,6,6,6,7,5,5,5,5,6,"Woman",43,"Black","Postgraduate Degree (Masters, Doctorate)","All the time. People always ask me what ethnicity I am, including other black people and especially when I travel abroad.","I am so used to it that I didn�t feel much when responding. Reflecting I guess it better people asking me questions than making assumptions.",5.25,4,6.4,1.875,3,6.1,5.2
"291",1,1,1,1,1,4,4,2,3,4,2,2,6,7,7,7,2,2,7,7,3,2,3,3,3,6,6,6,7,7,2,2,7,7,6,7,7,7,7,7,7,5,6,6,6,5,"Woman",53,"Black","Postgraduate Degree (Masters, Doctorate)","At a recent job interview, the interviewer assumed I was on a work permit visa despite having indicated on the job application form my British citizenship.","I was surprised. The interviewer apologised and I accepted the apology.",6.75,3,1,3.625,6.4,6.4,5.6
"292",6,5,6,7,6,4,4,4,4,2,6,2,5,5,4,2,1,1,5,6,6,1,1,1,2,2,2,2,3,1,2,6,2,7,7,7,2,7,6,7,7,5,4,4,3,6,"Woman",18,"Black","A-level's or Equivalent","I was in Russia and the Russians didn�t think I was British","Made me feel confused and hurt",4,3.71428571428571,6,2.25,2,5.8,4.4
"293",2,1,2,2,3,3,5,1,4,3,2,3,5,3,3,4,1,1,2,1,5,2,1,1,1,3,4,4,4,6,2,6,2,6,6,7,2,6,1,7,6,5,3,4,4,4,"Woman",21,"Asian","A-level's or Equivalent","Not really mistaken identity but looked younger than other people think I am.","Laughed it off",3.75,3,2,1.25,4.2,4.9,4
"294",6,5,5,6,4,5,4,4,5,7,6,5,7,7,7,7,1,1,4,2,6,1,1,1,1,3,4,3,3,3,1,7,6,7,7,6,6,7,7,7,7,4,5,4,2,4,"Woman",26,"Asian","Undergraduate Degree (BSc/BA)","Being an Asian person born in the west I often have my identity questioned on both sides, too coloured to be english, too British to be Asian. One particular experience was meeting another person of my ethnicity who was born there in the country of origin. He said I am not a true person of this ethnic group as I don't speak the language and wasn't born there.","I felt annoyed as none of that was down to me, I don't speak the language because my parents didn't teach me and not being born there was definitely not down to me. I also felt annoyed because I make the effort to be part of the group, I learnt to cook the food and visit the country on holiday.",7,5.14285714285714,5.2,1.5,3.2,6.7,3.8
"295",7,6,6,7,6,3,3,3,3,2,2,2,3,3,3,3,1,1,3,3,5,1,1,1,1,4,3,4,3,3,1,6,2,7,6,6,6,6,2,6,6,2,2,4,2,3,"Man",57,"Black","GCSE's or Equivalent","NO","I believe this has happened to many people from my ethnic background. I would feel as if I would be seen as a colour , someone who fits a description loosely but could fit many of my ethnic background. Too often judged as a race rather than an individuality",3,2.57142857142857,6.4,1.5,3.4,5.3,2.6
"296",7,7,7,7,7,4,3,4,4,3,4,3,6,6,6,6,1,1,7,5,6,2,1,1,1,3,2,3,2,1,2,2,2,6,7,2,2,2,2,2,2,3,3,3,1,3,"Woman",44,"Asian","Undergraduate Degree (BSc/BA)","No","Would make you feel inferior and like you had to justify your religious group to them.",6,3.57142857142857,7,2.375,2.2,2.9,2.6
"297",6,4,6,5,7,3,2,2,3,5,3,4,7,6,6,6,2,2,3,5,4,1,1,2,2,4,6,3,3,2,4,6,7,7,6,7,7,7,6,7,6,5,5,5,5,5,"Woman",19,"Black","A-level's or Equivalent","yes - I have had people doubt that I am a British citizen and my proficiency in English because of my race, as they assume that I must not be British.","n/a",6.25,3.14285714285714,5.6,2.25,3.6,6.6,5
"298",6,6,6,6,6,6,6,5,5,5,3,4,7,7,6,6,1,1,5,4,5,1,1,1,1,6,2,3,7,2,5,6,7,7,6,7,7,7,7,7,7,5,4,4,4,5,"Man",52,"Asian","Undergraduate Degree (BSc/BA)","It did happen, but not in the UK. This happened abroad where the people I was walking too didn't realise that I could be Asian and from Britain.","I had to justify that I was indeed British, but also Asian at the same time. I felt that it was odd to have to do so.",6.5,4.85714285714286,6,1.875,4,6.8,4.4
"299",6,6,6,5,3,4,4,5,4,4,4,3,4,4,6,4,2,2,5,6,4,1,1,2,2,4,4,4,5,3,2,6,6,6,6,6,6,6,6,6,6,5,5,4,4,4,"Man",NA,"Black","Undergraduate Degree (BSc/BA)","No","I would feel very disappointed and would try to educate that person",4.5,4,5.2,2.625,4,6,4.4
"300",7,7,7,7,7,2,3,3,3,4,3,4,4,4,4,4,1,1,2,2,7,1,1,1,1,4,3,3,3,1,1,6,7,7,7,7,7,7,7,7,7,6,6,6,6,6,"Woman",57,"Black","A-level's or Equivalent","People tend to think that i am dual heritage.","I am proud of who I am . It made me feel a bit sad.",4,3.14285714285714,7,1.25,2.8,6.9,6
"301",7,7,7,7,7,5,4,4,5,4,3,5,6,4,6,5,2,1,5,5,5,1,1,1,1,2,2,3,4,2,2,2,6,7,6,6,2,6,2,6,2,4,3,3,2,4,"Woman",34,"Black","Undergraduate Degree (BSc/BA)","no","I would feel annoyed, angry and dissapointed.",5.25,4.28571428571429,7,2.125,2.6,4.5,3.2
"302",6,7,7,7,6,4,3,3,4,3,2,2,5,5,6,6,1,3,6,6,6,1,1,1,1,5,5,5,6,5,5,6,2,6,6,6,2,6,2,6,2,3,2,3,2,3,"Woman",47,"Asian","GCSE's or Equivalent","no","If it is an honest mistake it wouldn't bother me too much as people make mistakes all the time. If someone was to question my belonging in an attempt to degrade me it would be quite hurtful as I personally do not judge others based on their origin.",5.5,3,6.6,2.5,5.2,4.4,2.6